108.1218033,0.3432,100.3783,2.3697,0.8161,0.0114,0
108.8080978,0.3342,96.2967,2.3904,0.826,0.0093,0
107.2011032,0.3184,90.8146,2.42,0.8175,0.0111,0
103.4269028,0.2871,85.9309,2.4365,0.7494,0.0313,0
99.80490112,0.2557,82.7016,2.4139,0.6382,0.0528,0
97.31890106,0.2384,80.8421,2.3652,0.5329,0.0882,2
95.17539978,0.2349,79.7616,2.3268,0.4689,0.1149,2
94.64450073,0.2395,79.2767,2.3164,0.4629,0.1216,2
97.94869995,0.2504,79.2263,2.3316,0.5231,0.1069,2
102.1339035,0.2586,79.5253,2.366,0.6052,0.0796,2
102.1633987,0.2544,80.3517,2.3975,0.6325,0.0605,0
97.14260101,0.247,81.1058,2.3925,0.5796,0.07,0
91.40299988,0.2476,81.6927,2.3607,0.5077,0.0963,2
88.73079681,0.2479,81.9734,2.3403,0.468,0.1127,2
89.37480164,0.2404,81.7113,2.3446,0.4622,0.1098,2
91.97260284,0.2309,81.103,2.3637,0.4817,0.0959,2
96.6608963,0.2317,80.4045,2.3867,0.5395,0.076,2
102.7580032,0.2422,79.9042,2.4014,0.6165,0.0605,2
107.4703979,0.2487,79.6392,2.4067,0.666,0.0499,2
107.8348999,0.2416,79.4585,2.4074,0.655,0.0497,1
104.7612,0.2312,79.2201,2.3992,0.6052,0.0605,1
100.9570007,0.2292,79.1157,2.3796,0.5545,0.076,1
96.80220032,0.2339,79.4863,2.359,0.5137,0.0929,1
92.3655014,0.2376,80.3046,2.3496,0.4816,0.1036,1
89.53869629,0.2401,81.1738,2.3501,0.4688,0.1062,1
89.23190308,0.2418,81.8419,2.3487,0.4686,0.1072,1
89.01750183,0.2358,82.2511,2.3387,0.4441,0.1144,1
88.15670013,0.2309,82.3835,2.3321,0.4213,0.1201,1
84.97679901,0.2248,82.5793,2.3217,0.3769,0.1315,1
81.66860199,0.2267,82.5222,2.3169,0.3538,0.1389,1
79.70249939,0.2274,82.52,2.3168,0.3423,0.1418,1
78.21269989,0.2277,82.7776,2.322,0.3391,0.1408,1
76.76439667,0.2353,83.1022,2.3304,0.3542,0.1371,1
76.51930237,0.2423,83.5614,2.33,0.366,0.1375,1
78.38770294,0.2363,84.0232,2.3156,0.3501,0.144,1
80.16660309,0.2314,84.4767,2.299,0.3332,0.152,1
80.29679871,0.2431,84.3743,2.2921,0.3495,0.1554,1
82.24160004,0.2668,83.5152,2.299,0.417,0.1471,1
88.84880066,0.2873,82.4987,2.3259,0.5308,0.119,0
98.56199646,0.2962,80.9562,2.3789,0.6711,0.0718,0
107.8999023,0.2925,79.1405,2.4492,0.8034,0.0146,0
113.7236023,0.2761,77.469,2.512,0.8793,0.0001,0
113.9494019,0.2592,76.137,2.5512,0.8913,0.0001,0
109.3314972,0.2561,75.2014,2.5725,0.8788,0.0001,0
101.4166031,0.2588,74.5144,2.5829,0.8274,0.0001,0
92.64610291,0.2482,74.2082,2.5833,0.7673,0.0001,0
86.88890076,0.2304,74.41,2.5722,0.6821,0.0001,0
86.68029785,0.2268,75.2565,2.5579,0.6575,0.0001,0
92.15039825,0.2459,76.2597,2.5506,0.7227,0.0001,0
100.9195023,0.2736,77.2413,2.5492,0.8242,0.0001,0
109.5165024,0.2822,77.7503,2.5439,0.88,0.0001,0
114.9123993,0.2707,77.9084,2.5378,0.9053,0.0001,0
116.0291977,0.2616,77.8467,2.5428,0.9002,0.0001,0
114.9169998,0.2622,77.6796,2.5541,0.9068,0.0001,0
115.0223999,0.2662,77.257,2.5584,0.9157,0.0001,0
117.1195984,0.2673,76.4916,2.5542,0.9293,0.0001,0
119.0437012,0.265,75.8732,2.5467,0.9309,0.0001,0
120.0187988,0.259,75.6045,2.5358,0.913,0.0001,0
121.9135971,0.2481,75.5643,2.5214,0.8875,0.0001,0
123.4688034,0.2436,75.707,2.5129,0.8791,0.0001,0
125.6388016,0.243,76.0455,2.4938,0.8706,0.0001,0
123.7995987,0.2519,76.6022,2.4761,0.8564,0.0001,0
119.0133972,0.2617,77.465,2.458,0.8244,0.0024,0
112.5294037,0.2673,78.7762,2.4194,0.75,0.0351,0
102.1781006,0.2607,80.5203,2.3523,0.5942,0.0882,0
88.62220001,0.2344,82.5641,2.2829,0.376,0.151,0
75.64659882,0.2063,84.6918,2.2379,0.1854,0.1974,2
65.6230011,0.1951,86.5362,2.2204,0.095,0.219,2
59.12480164,0.2038,87.6574,2.2178,0.0528,0.233,2
55.76900101,0.223,88.0676,2.2198,0.0691,0.2394,2
54.07429886,0.2367,88.2754,2.2205,0.0861,0.2413,2
53.83409882,0.2363,88.5947,2.2193,0.0824,0.2424,2
54.95709991,0.227,89.0675,2.2163,0.0438,0.2486,2
56.35160065,0.2208,89.378,2.2136,0.0305,0.2504,2
56.62639999,0.2201,89.4005,2.2157,0.0336,0.2487,2
56.40879822,0.2163,89.1267,2.2234,0.0331,0.2446,2
56.64179993,0.2071,88.7046,2.234,0.0282,0.2384,2
56.53089905,0.2013,88.4104,2.2431,0.0261,0.2334,2
55.8431015,0.2055,88.2862,2.2434,0.0311,0.2336,2
56.39870071,0.2137,88.3137,2.2315,0.0371,0.2397,2
58.34120178,0.2151,88.3512,2.2175,0.0381,0.2441,2
59.85139847,0.2116,88.2833,2.2109,0.0345,0.2441,2
61.37530136,0.2142,88.1361,2.2086,0.0485,0.2421,2
63.38439941,0.218,87.9097,2.2081,0.0708,0.2381,2
64.87120056,0.2118,87.4837,2.2144,0.0764,0.2318,2
65.84700012,0.2012,86.7891,2.2293,0.0793,0.2219,2
67.36589813,0.1953,85.9528,2.246,0.098,0.2095,2
70.32119751,0.1937,85.1926,2.2564,0.1289,0.1983,2
74.85579681,0.1978,84.552,2.2587,0.1739,0.1891,2
77.80940247,0.2106,84.0661,2.2578,0.2213,0.1838,2
76.62400055,0.2211,83.9178,2.2591,0.2356,0.184,2
75.04319763,0.2212,83.9445,2.2609,0.2261,0.1855,2
72.17120361,0.2142,84.1735,2.2664,0.1967,0.1877,2
71.26490021,0.2105,84.2709,2.2734,0.1905,0.1852,2
72.88939667,0.2162,84.0411,2.2805,0.2226,0.1776,2
75.44460297,0.2219,83.7832,2.2858,0.2597,0.1694,2
76.81610107,0.2209,83.8003,2.2824,0.2639,0.1693,1
76.81590271,0.2161,84.2261,2.2705,0.24,0.1771,1
75.93109894,0.2099,84.9474,2.2616,0.2102,0.1846,1
74.34259796,0.2066,85.7634,2.2615,0.1915,0.1875,1
73.78890228,0.2102,86.2093,2.2616,0.1949,0.188,1
76.54869843,0.2158,86.3982,2.251,0.2146,0.1895,1
81.52829742,0.2103,86.5404,2.2295,0.2153,0.1959,1
84.81220245,0.1944,86.5951,2.2113,0.215,0.1983,1
82.94239807,0.1817,86.4356,2.2156,0.2011,0.1956,1
77.59230042,0.1817,86.1164,2.2462,0.1611,0.191,2
73.62799835,0.1877,85.7204,2.2778,0.1662,0.1799,2
74.77929688,0.1927,85.4748,2.2809,0.1887,0.1757,2
80.49289703,0.1959,85.7832,2.2617,0.2155,0.1788,2
86.6160965,0.1983,85.9758,2.248,0.2501,0.1782,2
87.42169952,0.1996,85.9125,2.251,0.2623,0.1752,2
81.94049835,0.2017,85.6267,2.2614,0.2379,0.1763,2
75.04109955,0.2027,85.675,2.2657,0.1935,0.184,2
70.36000061,0.2028,86.0706,2.2601,0.1523,0.1952,2
67.54699707,0.2061,86.481,2.25,0.1263,0.2062,2
66.84609985,0.2101,86.8603,2.2462,0.1248,0.2095,2
72.14969635,0.2176,87.4671,2.2658,0.2028,0.1881,2
87.61789703,0.2414,88.5144,2.3196,0.5086,0.1129,2
109.9166031,0.2903,89.318,2.3919,0.8183,0.0109,0
127.6647034,0.3495,89.3505,2.4465,1,0.0001,0
133.917099,0.3639,88.5922,2.4706,1,0.0001,0
133.1497955,0.3244,86.9108,2.4827,1,0.0001,0
131.471405,0.2815,84.3811,2.4922,1,0.0001,0
130.4270935,0.2688,82.9881,2.4929,1,0.0001,0
126.8768005,0.261,80.6456,2.483,1,0.0001,0
122.2689972,0.2636,79.2416,2.4635,0.9898,0.0001,0
118.6362,0.2614,79.1215,2.4386,0.9394,0.0001,0
114.3731995,0.2582,80.2325,2.4023,0.8802,0.0001,0
108.2855988,0.2586,81.6402,2.3599,0.7956,0.0104,1
102.2843018,0.25,82.7929,2.3312,0.7123,0.0645,1
98.42700195,0.2312,83.6785,2.3235,0.6587,0.0847,1
96.21150208,0.2181,84.159,2.3244,0.6279,0.0862,1
93.84380341,0.2168,84.1331,2.3217,0.5951,0.0928,1
90.68650055,0.2209,83.6766,2.3152,0.5512,0.1054,1
88.71730042,0.2251,82.9653,2.3102,0.5239,0.11,1
89.51129913,0.2239,82.3256,2.3088,0.5349,0.1086,1
90.57879639,0.2145,82.1483,2.3074,0.5497,0.1072,1
89.74949646,0.2033,82.4936,2.3046,0.5382,0.1074,1
86.86229706,0.1973,83.0407,2.3085,0.4981,0.1117,1
83.50630188,0.1951,83.297,2.3232,0.4515,0.1107,1
81.64029694,0.1984,83.0063,2.3378,0.4256,0.1095,1
81.09799957,0.2077,82.4435,2.3358,0.418,0.1138,1
80.2437973,0.2126,82.0489,2.3216,0.4062,0.1232,1
79.94059753,0.2095,82.0509,2.3113,0.402,0.1275,1
80.89289856,0.214,82.6122,2.308,0.4152,0.1276,1
80.88909912,0.2322,83.8126,2.3018,0.4151,0.1349,1
79.71869659,0.2467,85.459,2.2822,0.3989,0.1504,1
79.5039978,0.247,87.0809,2.2565,0.3959,0.1613,1
79.14810181,0.243,88.0749,2.2455,0.3909,0.1656,1
77.09729767,0.2355,88.1691,2.2567,0.3625,0.1643,1
75.29550171,0.2237,87.557,2.2764,0.3374,0.1578,1
75.02310181,0.2122,86.4588,2.2874,0.3337,0.1509,1
74.95780182,0.2047,85.0946,2.2866,0.3327,0.1493,1
74.2507019,0.202,83.7832,2.2734,0.3229,0.1558,1
73.87979889,0.2036,83.1764,2.2638,0.3178,0.1611,1
73.56430054,0.2152,82.3444,2.2505,0.3134,0.1704,1
73.31590271,0.2356,82.0411,2.2574,0.2861,0.179,1
72.92569733,0.2526,82.0437,2.2896,0.2811,0.1783,1
75.25659943,0.2577,81.7356,2.3441,0.311,0.1515,1
86.44210052,0.2559,80.7072,2.4107,0.4544,0.093,1
103.6415024,0.2476,79.7935,2.4583,0.6749,0.023,0
113.7985001,0.2324,79.4091,2.4614,0.8051,0.0001,0
111.8550034,0.2188,79.0889,2.4416,0.7802,0.0001,0
107.3460999,0.2137,78.9224,2.4281,0.7224,0.0001,0
107.226799,0.2138,79.0348,2.423,0.7209,0.0001,0
108.9866028,0.2113,79.357,2.4229,0.7434,0.0001,0
110.2353973,0.2049,79.7897,2.4236,0.7594,0.0001,0
110.3921967,0.2062,80.3248,2.4123,0.7614,0.0001,0
108.5820007,0.2197,80.6814,2.388,0.7382,0.0395,0
106.5167007,0.2302,81.0032,2.3661,0.7118,0.0567,0
107.2090988,0.225,80.9595,2.3547,0.7206,0.0576,0
108.8579025,0.2136,80.3105,2.3632,0.7418,0.0001,0
109.2923965,0.2115,79.4701,2.3956,0.7473,0.0001,0
110.7031021,0.22,78.7008,2.4375,0.7654,0.0001,0
113.7941971,0.2328,78.3367,2.4593,0.8051,0.0001,0
116.6738968,0.2421,78.2707,2.4506,0.842,0.0001,0
118.0065994,0.2434,78.5584,2.4263,0.8591,0.0001,0
117.6589966,0.2376,79.1241,2.4073,0.8546,0.0001,0
116.3212967,0.2335,79.6041,2.4029,0.8375,0.0001,0
116.4108963,0.2406,80.0985,2.411,0.8386,0.0001,0
117.5091019,0.2605,80.648,2.4282,0.8527,0.0001,0
119.8151016,0.2866,80.4921,2.4513,0.8822,0.0025,0
123.7684021,0.2951,79.6922,2.4754,0.9329,0.0001,0
107.4007034,0.1859,77.5789,2.3999,0.7231,0.0001,1
92.33820343,0.1689,77.8619,2.3417,0.53,0.082,1
78.2559967,0.16,78.2766,2.3038,0.3494,0.1284,1
69.89040375,0.1541,79.076,2.2919,0.2422,0.1504,1
65.98670197,0.1544,80.3961,2.2929,0.1921,0.159,1
63.62329865,0.1652,82.0407,2.28,0.1618,0.1727,1
62.15209961,0.1828,83.8493,2.2435,0.143,0.1961,1
61.92620087,0.2057,85.6405,2.2031,0.1401,0.2197,1
64.20439911,0.2386,86.9868,2.1789,0.1693,0.2335,1
72.83640289,0.2782,87.6464,2.1803,0.28,0.2236,2
88.60959625,0.3045,87.653,2.2149,0.4822,0.1778,2
105.572403,0.3135,87.191,2.2825,0.6996,0.076,2
117.3126984,0.3124,86.3678,2.3651,0.8502,0.0055,0
121.9311981,0.303,85.1203,2.4371,0.9094,0.0012,0
121.9633026,0.2999,83.4922,2.4854,0.9098,0.0001,0
121.3435974,0.3109,81.8242,2.5093,0.9018,0.0001,0
120.8666992,0.3252,80.5166,2.5155,0.8957,0.0001,0
119.0653,0.3336,79.6991,2.516,0.8726,0.0001,0
117.3125992,0.3339,79.5418,2.5149,0.8502,0.0001,0
117.3355026,0.3283,80.1071,2.5099,0.8505,0.0001,0
117.4461975,0.3323,81.0233,2.5001,0.8519,0.0001,0
118.2858963,0.3449,82.2153,2.4893,0.8626,0.0001,0
121.0348969,0.3472,83.656,2.483,0.8979,0.0001,0
124.021698,0.321,85.0244,2.4881,0.9362,0.0001,0
123.2369003,0.2714,85.4422,2.5094,0.9261,0.0001,0
116.5009995,0.2364,84.6634,2.5419,0.8398,0.0001,0
105.6932983,0.2274,83.5602,2.5726,0.7012,0.0001,0
98.4417038,0.23,82.609,2.593,0.6082,0.0001,0
100.2611008,0.2333,81.6001,2.6014,0.6316,0.0001,0
108.5792999,0.2484,80.5118,2.5949,0.7382,0.0001,0
116.8695984,0.283,79.873,2.5727,0.8445,0.0001,0
119.3933029,0.3018,79.7273,2.5593,0.8768,0.0001,0
121.2521973,0.3241,79.8752,2.5343,0.949,0.0001,0
121.4582977,0.323,80.0117,2.5171,0.9504,0.0001,0
122.1688004,0.3212,80.0148,2.5093,0.9551,0.0001,0
122.1934967,0.3245,80.0905,2.5102,0.9552,0.0001,0
121.3154984,0.3321,80.4321,2.5166,0.9494,0.0001,0
121.3255997,0.348,81.0895,2.5216,0.9495,0.0001,0
122.308403,0.3608,81.3881,2.5191,0.956,0.0001,0
123.1824036,0.3545,81.4285,2.5142,0.9617,0.0001,0
123.5231018,0.3463,81.4294,2.516,0.964,0.0001,0
122.9492035,0.3398,81.3017,2.5209,0.9602,0.0001,0
121.1409988,0.3234,81.2085,2.5202,0.9483,0.0001,0
120.9011993,0.3078,80.9149,2.5173,0.9467,0.0001,0
123.4253998,0.3031,80.3971,2.5202,0.96,0.0001,0
126.1623993,0.3046,79.7875,2.5278,0.9813,0.0001,0
127.4145966,0.2992,79.0994,2.5326,0.9896,0.0001,0
127.6018982,0.2868,78.3103,2.5289,0.9666,0.0001,0
128.770401,0.2788,77.7631,2.5159,0.9459,0.0001,0
132.7015076,0.2835,77.6505,2.503,0.9426,0.0001,0
137.3329926,0.2967,78.4055,2.4983,0.962,0.0001,0
139.8695068,0.321,80.0214,2.4982,1,0.0001,0
143.2837067,0.3661,82.7982,2.4856,1,0.0001,0
149.9111023,0.4213,86.199,2.4445,1,0.0001,0
157.6611023,0.4256,88.9489,2.3918,1,0.0001,0
163.445694,0.3799,90.2326,2.3682,0.9795,0.0001,0
163.6938934,0.3456,89.9451,2.3903,0.9394,0.0005,0
156.4925995,0.324,87.9092,2.431,0.9421,0.0004,0
145.3600006,0.2944,84.9006,2.4589,0.9167,0.0001,0
134.7700043,0.2711,81.1411,2.4744,0.8899,0.0001,0
126.2606964,0.2639,78.3299,2.4949,0.88,0.0001,0
121.1249008,0.2642,76.8136,2.5211,0.8742,0.0001,0
121.1716995,0.2613,76.3302,2.5391,0.8879,0.0001,0
122.8798981,0.2597,76.4266,2.5399,0.897,0.0001,0
126.9985962,0.2595,76.7011,2.5205,0.9035,0.0001,0
127.7770996,0.2588,77.2238,2.4764,0.8613,0.0001,0
121.1575012,0.2556,77.761,2.4199,0.7528,0.0315,0
107.2695007,0.2516,78.3177,2.3671,0.599,0.0795,0
92.3687973,0.2417,79.1147,2.3325,0.4466,0.1192,2
84.0510025,0.2296,80.0982,2.3254,0.3621,0.1356,2
82.63069916,0.2251,80.3896,2.3427,0.3626,0.1271,2
83.59200287,0.2253,79.9683,2.3619,0.3893,0.1138,2
83.99430084,0.2237,79.8757,2.3567,0.3836,0.1165,2
83.21569824,0.2239,80.5597,2.3371,0.3584,0.1298,2
81.53089905,0.2227,81.7385,2.3356,0.3435,0.1333,2
80.33709717,0.213,82.231,2.3654,0.3489,0.1174,2
80.93939972,0.2044,81.7479,2.401,0.3742,0.0948,1
82.74160004,0.2068,80.8316,2.3991,0.3885,0.0932,1
83.79389954,0.2187,79.9733,2.3617,0.3783,0.1141,1
83.70240021,0.231,79.3932,2.3263,0.3634,0.1354,1
83.29309845,0.2369,79.2416,2.3068,0.3512,0.1478,1
82.62390137,0.2353,79.3842,2.2933,0.3297,0.157,1
81.76750183,0.227,79.5603,2.2815,0.2965,0.1657,1
81.32230377,0.2166,80.1713,2.2771,0.2698,0.1695,1
80.87169647,0.2098,80.9595,2.2804,0.2577,0.1685,2
80.76879883,0.2073,81.5821,2.2833,0.2555,0.1671,2
81.67449951,0.2066,82.1159,2.284,0.2609,0.1655,2
82.91339874,0.2126,82.5589,2.2877,0.284,0.1613,2
84.24150085,0.2276,83.013,2.2926,0.3255,0.1557,2
86.11910248,0.2388,83.5194,2.2898,0.3555,0.1543,1
87.24310303,0.2396,84.1599,2.279,0.3531,0.1592,1
86.68659973,0.2446,84.8376,2.2698,0.3491,0.1651,1
84.29509735,0.2577,85.4945,2.2684,0.356,0.1687,1
80.61299896,0.2588,85.953,2.2703,0.3358,0.1731,1
78.93229675,0.2507,86.0917,2.269,0.3084,0.1766,1
77.74629974,0.2288,86.2279,2.2588,0.2496,0.185,1
80.76899719,0.2155,85.1204,2.2536,0.2396,0.1845,1
89.10160065,0.2172,83.4536,2.2849,0.3302,0.1554,1
101.4208984,0.2351,81.2286,2.3673,0.5303,0.0882,0
113.0245972,0.268,79.5835,2.4683,0.7727,0.0065,0
120.7264023,0.2998,78.4473,2.5246,0.9408,0.0001,0
124.5486984,0.3088,78.2495,2.5249,0.9707,0.0001,0
125.2983017,0.3037,78.7086,2.5076,0.9603,0.0001,0
124.7434006,0.3008,79.4932,2.4936,0.9367,0.0001,0
124.077301,0.3101,81.1129,2.4895,0.9452,0.0001,0
122.5906982,0.3349,82.3594,2.4984,0.9578,0.0001,0
121.9079971,0.3356,82.6481,2.5143,0.9533,0.0001,0
124.280098,0.2891,81.8834,2.5257,0.9456,0.0001,0
127.8768005,0.2494,80.8185,2.5291,0.8997,0.0001,0
128.7026978,0.2443,79.6704,2.5326,0.8993,0.0001,0
125.6267014,0.2618,78.4844,2.5381,0.9171,0.0001,0
120.5152969,0.2736,77.6433,2.5286,0.8953,0.0001,0
115.7310028,0.2645,77.2745,2.4868,0.8034,0.0001,0
111.6055984,0.2492,78.1667,2.4245,0.683,0.0388,0
105.6155014,0.2352,80.1286,2.368,0.5588,0.0827,1
96.12390137,0.22,81.8739,2.3294,0.428,0.1191,1
84.57319641,0.209,83.0489,2.305,0.3063,0.1491,1
74.88179779,0.2029,83.4511,2.2888,0.2144,0.1723,1
70.11219788,0.1982,83.6946,2.2791,0.1642,0.1852,1
69.67120361,0.195,83.8148,2.2765,0.1527,0.1875,1
70.08450317,0.1956,83.8372,2.2788,0.1589,0.1855,1
69.49269867,0.1986,83.5985,2.2827,0.1646,0.184,1
68.15779877,0.2005,83.4298,2.2841,0.1608,0.1853,1
66.46170044,0.1975,83.7384,2.279,0.1388,0.1909,1
63.92649841,0.1934,84.5423,2.2664,0.1014,0.2023,1
62.26869965,0.1945,85.677,2.2532,0.0788,0.2124,1
62.41109848,0.1959,86.073,2.2479,0.0767,0.2152,1
64.24510193,0.1967,86.5438,2.2417,0.0838,0.2159,1
65.88690186,0.1973,86.2752,2.2411,0.0951,0.2137,1
66.96690369,0.2069,85.1003,2.2501,0.1293,0.2068,1
71.56420135,0.2275,83.4442,2.2817,0.2305,0.1808,1
81.30190277,0.2484,81.8541,2.3443,0.3984,0.1279,1
91.16010284,0.2559,80.5791,2.4114,0.5472,0.0713,0
96.42780304,0.255,79.8186,2.4379,0.6078,0.0479,0
98.71060181,0.255,79.4716,2.4214,0.6056,0.0556,0
100.5000992,0.253,79.4295,2.3974,0.5887,0.0688,0
102.074501,0.2458,79.6272,2.3866,0.5745,0.0745,0
103.0255966,0.2381,80.0556,2.3887,0.5687,0.0726,0
103.2207031,0.2281,80.5521,2.3922,0.5552,0.0728,1
103.3983002,0.2185,80.9534,2.3824,0.5285,0.0797,1
103.7657013,0.2204,81.4443,2.3603,0.5113,0.0912,1
102.4136963,0.2309,81.6932,2.3412,0.5018,0.1038,1
98.85649872,0.2365,81.49,2.3328,0.48,0.1126,1
95.1697998,0.2387,80.9704,2.3292,0.456,0.119,1
92.67410278,0.2459,80.6007,2.3249,0.4484,0.1237,1
91.02010345,0.2475,80.5598,2.3246,0.4401,0.1259,1
89.48370361,0.2342,80.9191,2.3325,0.4138,0.124,1
87.96450043,0.2213,81.0178,2.3422,0.3901,0.121,1
86.92549896,0.218,80.9193,2.3428,0.3778,0.1223,1
86.73090363,0.214,81.6152,2.3347,0.3607,0.128,1
87.64510345,0.2058,82.8437,2.3341,0.351,0.1278,1
89.20330048,0.2038,84.104,2.3614,0.3861,0.1095,1
90.15029907,0.2082,84.1932,2.4224,0.4641,0.07,0
91.99420166,0.2128,82.5951,2.48,0.5449,0.0292,0
97.94400024,0.2197,79.4646,2.4895,0.6066,0.0138,0
106.1801987,0.2298,76.5261,2.4718,0.661,0.0135,0
112.7072983,0.2409,75.3515,2.4627,0.6927,0.0152,0
114.8049011,0.2559,75.7731,2.4653,0.7397,0.0102,0
114.0884018,0.2637,76.3989,2.4681,0.7514,0.0091,0
111.1436996,0.276,76.7943,2.4734,0.7562,0.0093,0
110.0198975,0.2797,77.4372,2.4759,0.7567,0.0091,0
111.3233032,0.2727,77.8235,2.475,0.7532,0.0082,0
112.2705002,0.2553,78.5296,2.474,0.7276,0.0082,0
112.1492004,0.2412,78.7567,2.4761,0.7029,0.0074,0
112.1865005,0.2399,78.6221,2.4815,0.7064,0.0038,0
112.6942978,0.2449,78.5439,2.4883,0.7267,0.0001,0
113.353302,0.2503,78.5898,2.4912,0.7449,0.0001,0
114.7058029,0.2541,78.826,2.4866,0.7579,0.0001,0
116.3282013,0.2474,79.2354,2.4795,0.751,0.0001,0
117.3889008,0.2358,79.5062,2.4742,0.7325,0.0011,0
118.1042023,0.2395,79.9617,2.4668,0.7373,0.0049,0
119.0481033,0.2614,80.2134,2.4596,0.7776,0.0082,0
119.1374969,0.2915,80.4149,2.4605,0.8347,0.0062,0
119.5562973,0.3124,80.4454,2.4675,0.8839,0.0001,0
121.7508011,0.3091,80.3955,2.4716,0.8995,0.0001,0
123.8895035,0.2944,80.3487,2.4694,0.8871,0.0001,0
123.8862,0.2902,80.3693,2.4669,0.8767,0.0001,0
123.9459,0.2887,80.4571,2.4721,0.8798,0.0001,0
125.2343979,0.2828,80.5583,2.4828,0.8904,0.0001,0
125.3868027,0.2837,80.514,2.4878,0.8984,0.0001,0
124.1577988,0.2972,80.5368,2.4882,0.914,0.0001,0
123.202301,0.3117,80.602,2.4902,0.9352,0.0001,0
123.8190994,0.3131,80.668,2.4918,0.9444,0.0001,0
125.6484985,0.2991,80.7244,2.4885,0.9296,0.0001,0
128.0708008,0.2869,80.9081,2.4824,0.92,0.0001,0
128.3782043,0.2835,81.2081,2.477,0.9105,0.0001,0
125.0487976,0.2805,81.0759,2.4733,0.8747,0.0001,0
120.5065002,0.2725,80.6077,2.4723,0.8229,0.0001,0
117.7396011,0.2617,80.1926,2.4769,0.7858,0.0001,0
116.0811005,0.2475,80.053,2.4958,0.7662,0.0001,0
115.4401016,0.2411,80.0657,2.5124,0.7667,0.0001,0
115.8321991,0.2375,80.1688,2.5509,0.8034,0.0001,0
119.5326004,0.2504,80.3531,2.5678,0.8742,0.0001,0
124.4737015,0.2687,80.6598,2.5481,0.9265,0.0001,0
127.5589981,0.2734,81.012,2.5179,0.9281,0.0001,0
128.2402954,0.2648,81.245,2.5016,0.9007,0.0001,0
128.1564026,0.2609,81.2318,2.4989,0.89,0.0001,0
128.4441986,0.2671,81.0001,2.5007,0.9056,0.0001,0
128.7230072,0.2735,80.8425,2.498,0.9168,0.0001,0
128.322998,0.2781,80.8329,2.4914,0.9152,0.0001,0
127.0007019,0.285,80.9644,2.4881,0.914,0.0001,0
124.6381989,0.2915,81.1908,2.4895,0.9087,0.0001,0
122.9478989,0.2896,81.5245,2.4901,0.8924,0.0001,0
122.7164993,0.2879,81.8814,2.487,0.8842,0.0001,0
123.5102005,0.2936,82.1297,2.4817,0.8954,0.0001,0
124.6003036,0.3025,82.2396,2.4773,0.9159,0.0001,0
126.8905029,0.3049,82.2775,2.4764,0.9375,0.0001,0
129.4483032,0.3026,82.3738,2.4807,0.9545,0.0001,0
129.2250977,0.296,82.5291,2.4879,0.9499,0.0001,0
126.6993027,0.289,82.5527,2.4922,0.9232,0.0001,0
125.2011032,0.289,82.4655,2.4913,0.9104,0.0001,0
125.4481964,0.2932,82.3397,2.4873,0.9159,0.0001,0
124.8917007,0.2937,82.1834,2.4804,0.9052,0.0001,0
123.8142014,0.2892,81.8975,2.4715,0.8791,0.0001,0
123.0579987,0.2832,81.446,2.4655,0.8558,0.0001,0
122.785202,0.2808,81.052,2.4641,0.8477,0.0003,0
122.9562988,0.284,80.7655,2.464,0.8549,0.0001,0
123.4206009,0.2932,80.5957,2.4633,0.8748,0.0001,0
123.2324982,0.3003,80.4187,2.4635,0.8866,0.0001,0
122.1359024,0.2878,80.2468,2.4674,0.8589,0.0001,0
120.5281982,0.2678,80.1917,2.4745,0.8167,0.0001,0
119.8415985,0.2638,80.1969,2.4777,0.8072,0.0001,0
119.0477982,0.2699,80.174,2.4808,0.8154,0.0001,0
118.417099,0.2808,79.9729,2.4808,0.8305,0.0001,0
117.4886017,0.2842,80.0128,2.4797,0.8282,0.0001,0
117.8040009,0.2831,79.9624,2.48,0.829,0.0001,0
119.6408005,0.2872,80.21,2.4822,0.8534,0.0001,0
121.0118027,0.2992,80.0321,2.4832,0.8875,0.0001,0
121.8599014,0.3006,80.1608,2.4821,0.8956,0.0001,0
123.0749969,0.2829,80.17,2.4784,0.8688,0.0001,0
123.6909027,0.272,80.4063,2.4718,0.8467,0.0001,0
122.7572021,0.2784,80.6934,2.4671,0.8462,0.0001,0
121.1638031,0.2949,81.1681,2.4695,0.8665,0.0001,0
120.3067017,0.3119,81.4217,2.4771,0.8989,0.0001,0
122.1063004,0.3141,81.4833,2.4855,0.926,0.0001,0
124.8207016,0.301,81.3097,2.491,0.9292,0.0001,0
125.1732025,0.2897,81.2252,2.4918,0.912,0.0001,0
124.5162964,0.2889,81.3438,2.4893,0.9027,0.0001,0
125.4437027,0.2972,81.519,2.488,0.924,0.0001,0
126.6659012,0.3148,81.9447,2.4917,0.97,0.0001,0
126.8933029,0.3333,82.4766,2.4969,0.9833,0.0001,0
127.1651993,0.3412,83.2761,2.4945,0.9854,0.0001,0
127.7890015,0.3344,83.8824,2.4856,0.9904,0.0001,0
127.8108978,0.3141,84.4161,2.478,0.9635,0.0001,0
126.2712021,0.2956,84.7132,2.477,0.9161,0.0001,0
123.4608002,0.2952,84.6873,2.483,0.8993,0.0001,0
120.3578033,0.2983,84.5048,2.4902,0.8879,0.0001,0
118.5278015,0.2905,84.0872,2.4918,0.8607,0.0001,0
118.7735977,0.2894,83.275,2.4918,0.8606,0.0001,0
119.4194031,0.3108,82.3978,2.4958,0.9094,0.0001,0
118.4131012,0.3383,81.753,2.5008,0.916,0.0001,0
115.3830032,0.3412,81.7034,2.5023,0.8919,0.0001,0
109.5030975,0.3216,81.9951,2.5006,0.8453,0.0001,0
106.0029984,0.3124,82.1922,2.4999,0.8101,0.0001,0
102.2109985,0.3089,82.5664,2.4992,0.7729,0.004,0
106.1856003,0.3199,82.869,2.4972,0.8189,0.0001,0
113.9272003,0.3282,83.1518,2.4925,0.8804,0.0001,0
119.0469971,0.3202,83.3035,2.4867,0.9142,0.0001,0
120.5999985,0.2971,83.226,2.4832,0.8803,0.0001,0
120.4890976,0.2736,82.9013,2.4811,0.834,0.0001,0
120.2372971,0.2645,82.4728,2.4791,0.8131,0.0001,0
121.1076965,0.2686,82.1017,2.4781,0.8265,0.0001,0
122.9882965,0.2734,81.8632,2.4781,0.8503,0.0001,0
124.0307999,0.2729,81.7654,2.4778,0.8573,0.0001,0
122.5634995,0.272,81.6008,2.4787,0.845,0.0001,0
120.0347977,0.2746,81.4319,2.481,0.8321,0.0001,0
118.5599976,0.2775,81.3696,2.4815,0.8263,0.0001,0
118.5074997,0.2772,81.5019,2.482,0.8258,0.0001,0
118.6147003,0.2713,81.8128,2.4835,0.8174,0.0001,0
118.3731003,0.2675,82.2267,2.4796,0.8044,0.0001,0
117.9287033,0.2807,82.8441,2.4686,0.8137,0.0029,0
118.612999,0.3084,83.6922,2.4603,0.8615,0.0042,0
120.6601028,0.3252,84.585,2.4608,0.9092,0.0012,0
122.3622971,0.3181,85.1642,2.4652,0.9142,0.0001,0
121.299202,0.3033,85.3731,2.4682,0.8817,0.0001,0
119.4868011,0.2981,85.2788,2.4731,0.8628,0.0001,0
120.9027023,0.3084,85.0381,2.484,0.9044,0.0001,0
124.3648987,0.3302,85.0069,2.4935,0.9632,0.0001,0
125.3599014,0.3444,85.3386,2.4927,0.9711,0.0001,0
123.1950989,0.3412,85.9167,2.4846,0.9539,0.0001,0
121.2767029,0.3265,86.4367,2.4779,0.9344,0.0001,0
122.5775986,0.3161,86.9136,2.4738,0.9212,0.0001,0
126.3772964,0.3168,87.3673,2.4709,0.9497,0.0001,0
128.3851929,0.3217,87.5165,2.4704,0.9741,0.0001,0
126.9042969,0.3275,87.3012,2.4739,0.9767,0.0001,0
125.4832993,0.3337,87.1253,2.4769,0.9721,0.0001,0
123.5655975,0.3552,86.5664,2.4823,0.9569,0.0001,0
123.3498001,0.3762,86.1693,2.4839,0.9552,0.0001,0
123.3860016,0.3816,85.9165,2.4822,0.9554,0.0001,0
123.1592026,0.3703,85.8129,2.4825,0.9536,0.0001,0
123.4318008,0.3544,85.821,2.4878,0.9558,0.0001,0
124.0347977,0.3451,85.9162,2.4943,0.9606,0.0001,0
123.5195007,0.3401,86.0106,2.4944,0.9565,0.0001,0
122.5804977,0.3341,86.0804,2.488,0.9491,0.0001,0
122.6289978,0.3349,86.0875,2.4813,0.9494,0.0001,0
123.6835022,0.3434,86.02,2.478,0.9578,0.0001,0
124.2957001,0.3476,85.9004,2.4797,0.9627,0.0001,0
123.9885025,0.3469,85.5816,2.4851,0.9602,0.0001,0
122.8766022,0.346,85.1421,2.4869,0.9514,0.0001,0
121.0582962,0.3375,84.5316,2.4821,0.937,0.0001,0
119.4273987,0.3157,83.8352,2.4784,0.9003,0.0001,0
118.1540985,0.2953,83.0296,2.4794,0.8537,0.0001,0
117.0541,0.2876,82.2418,2.4814,0.8328,0.0001,0
116.6817017,0.2935,81.6276,2.4823,0.8417,0.0001,0
117.3497009,0.2994,81.2947,2.4839,0.8595,0.0001,0
117.4410019,0.2945,81.3111,2.4862,0.8536,0.0001,0
115.8423004,0.2891,81.6576,2.4897,0.8346,0.0001,0
114.5279999,0.2947,82.2373,2.4943,0.8393,0.0001,0
115.3271027,0.3054,82.7377,2.4959,0.8671,0.0001,0
116.6625977,0.3156,83.1939,2.4924,0.8928,0.0001,0
116.7621994,0.3238,83.7785,2.4843,0.9002,0.0001,0
116.9625015,0.3245,84.42,2.4748,0.8932,0.0001,0
117.766098,0.3232,85.0675,2.4697,0.8919,0.0001,0
118.3860016,0.3312,85.6641,2.472,0.9139,0.0001,0
119.7321014,0.3433,86.1813,2.4778,0.9264,0.0001,0
122.0214005,0.3569,86.5932,2.4821,0.9446,0.0001,0
122.3043976,0.3698,86.8403,2.4848,0.9469,0.0001,0
121.5838013,0.3689,86.8488,2.4861,0.9411,0.0001,0
120.292099,0.3455,86.713,2.4869,0.9309,0.0001,0
120.6848984,0.3201,86.3265,2.4825,0.9227,0.0001,0
121.9977036,0.3132,85.8411,2.4759,0.9135,0.0001,0
123.9587021,0.31,85.4077,2.4742,0.9214,0.0001,0
125.9157028,0.3085,85.0361,2.4764,0.9364,0.0001,0
125.549202,0.3211,84.6304,2.4773,0.9577,0.0001,0
123.2582016,0.3375,84.1979,2.4753,0.9544,0.0001,0
120.8965988,0.331,83.8113,2.472,0.9335,0.0001,0
118.4505005,0.3158,83.5281,2.4698,0.8838,0.0001,0
117.1115036,0.3083,83.2877,2.4714,0.861,0.0001,0
118.1909027,0.3086,83.0422,2.4772,0.8762,0.0001,0
118.947998,0.3125,82.8427,2.4831,0.8955,0.0001,0
117.4521027,0.3137,82.6447,2.4808,0.8834,0.0001,0
116.9973984,0.3113,82.3991,2.4706,0.8648,0.0004,0
118.8880997,0.3166,82.173,2.4642,0.8829,0.002,0
119.8955994,0.3192,82.1251,2.4693,0.901,0.0001,0
118.4542999,0.2995,82.3033,2.4807,0.8651,0.0001,0
117.1296005,0.2762,82.5643,2.4873,0.8186,0.0001,0
116.9560013,0.2765,82.7778,2.4828,0.813,0.0001,0
117.5921021,0.2977,83.0396,2.4707,0.8445,0.0008,0
119.360199,0.3181,83.4168,2.4591,0.884,0.0024,0
122.7549973,0.3247,83.7694,2.4536,0.9174,0.0009,0
126.7387009,0.327,83.8673,2.455,0.9547,0.0001,0
128.9017944,0.3287,83.6046,2.4627,0.9831,0.0001,0
126.4138031,0.3227,83.0915,2.4749,0.965,0.0001,0
120.6306,0.3174,82.5361,2.4867,0.9217,0.0001,0
117.4496002,0.3218,82.2355,2.4955,0.9083,0.0001,0
117.8831024,0.3227,82.4175,2.5029,0.9118,0.0001,0
118.1502991,0.3096,82.9013,2.5079,0.9097,0.0001,0
117.7316971,0.2981,83.3862,2.5056,0.8828,0.0001,0
117.6160965,0.2993,83.6143,2.5019,0.8802,0.0001,0
116.9162979,0.3142,84.1885,2.494,0.8939,0.0001,0
116.7521973,0.3326,84.7897,2.4891,0.9028,0.0001,0
119.6930008,0.3452,85.6273,2.4882,0.9261,0.0001,0
122.0156021,0.349,86.6187,2.4921,0.9243,0.0001,0
118.7223969,0.3459,87.5801,2.5023,0.9053,0.0001,0
114.3133011,0.3406,88.4041,2.5113,0.8609,0.0001,0
114.3010025,0.351,88.9982,2.5072,0.8722,0.0001,0
117.0307999,0.3715,89.3848,2.4898,0.9146,0.0001,0
119.544899,0.3782,89.4855,2.4689,0.9324,0.0006,0
121.2510986,0.3674,89.797,2.4512,0.9175,0.0009,0
120.5383987,0.3635,90.2827,2.4413,0.8994,0.0016,0
117.0175018,0.3715,90.4293,2.4426,0.8766,0.0029,0
114.1790009,0.3724,90.2805,2.4501,0.8555,0.0049,0
114.9617996,0.3688,89.9441,2.4546,0.8618,0.0042,0
117.8806992,0.3728,89.7272,2.4553,0.8972,0.0017,0
120.5559006,0.3744,89.672,2.4549,0.9259,0.0007,0
121.9586029,0.3702,89.6492,2.4533,0.9231,0.0008,0
120.8022003,0.3758,89.6754,2.4493,0.9259,0.0007,0
117.2630997,0.3845,89.9667,2.4447,0.8991,0.0016,0
115.5242996,0.3727,90.4978,2.4429,0.8636,0.004,0
117.1378021,0.3487,91.0449,2.4466,0.8487,0.0057,0
118.430397,0.3334,91.4556,2.4511,0.8436,0.0064,0
118.1095963,0.3358,91.6814,2.4508,0.8435,0.0064,0
118.0690002,0.3503,91.5691,2.4493,0.8624,0.0041,0
118.4035034,0.3563,90.7402,2.4522,0.8766,0.0029,0
118.3806992,0.3471,89.5792,2.456,0.8664,0.0038,0
118.0130005,0.3349,88.7905,2.4541,0.8439,0.0063,0
115.9188004,0.3288,88.4401,2.449,0.8102,0.0128,0
113.5916977,0.332,88.4139,2.4491,0.7916,0.0183,0
112.9940033,0.3446,88.4683,2.4559,0.8089,0.0131,0
112.9468994,0.3503,88.5679,2.462,0.8214,0.0102,0
112.8389969,0.3478,88.669,2.4629,0.8175,0.0111,0
113.3427963,0.3381,89.0258,2.462,0.8081,0.0133,0
114.8333969,0.3307,89.6343,2.4602,0.8111,0.0126,0
116.3789978,0.3253,90.1875,2.4564,0.8158,0.0114,0
118.7304001,0.3236,90.289,2.45,0.8318,0.0082,0
121.4029007,0.3338,89.9011,2.4477,0.8671,0.0037,0
121.847702,0.3532,89.3863,2.4532,0.899,0.0016,0
119.905098,0.371,89.0306,2.4618,0.9201,0.0009,0
118.450798,0.3759,88.8446,2.4692,0.9185,0.0009,0
118.5002975,0.3638,88.8216,2.4747,0.9063,0.0006,0
118.5715027,0.3474,89.0267,2.4757,0.8845,0.001,0
118.5280991,0.34,89.5462,2.4691,0.8683,0.0036,0
119.2539978,0.3455,90.2088,2.4552,0.8722,0.0033,0
120.1418991,0.3575,90.7812,2.4394,0.8854,0.0023,0
121.0764008,0.3709,91.2324,2.4284,0.9041,0.0014,0
121.3534012,0.3851,91.5911,2.424,0.9207,0.0009,0
119.3798981,0.3919,91.9204,2.4271,0.9166,0.001,0
115.2460022,0.3971,92.1544,2.437,0.8906,0.002,0
112.0944977,0.4169,92.1732,2.4459,0.8943,0.0018,0
111.7583008,0.4341,92.0385,2.4485,0.9076,0.0013,0
113.4425964,0.4149,91.9023,2.4465,0.9054,0.0013,0
115.3991013,0.3897,91.8222,2.4414,0.8852,0.0023,0
116.9350967,0.3839,91.8298,2.436,0.888,0.0022,0
118.0381012,0.3732,91.9894,2.4348,0.8829,0.0025,0
117.8936996,0.3529,92.4507,2.436,0.8537,0.0051,0
116.0747986,0.3449,93.1431,2.4369,0.8249,0.0095,0
114.7443008,0.3537,93.8244,2.4365,0.8237,0.0097,0
114.8944016,0.3591,94.6468,2.4311,0.8285,0.0088,0
114.6072006,0.3595,95.6903,2.4192,0.8167,0.0112,0
112.3637009,0.3658,96.7797,2.4044,0.7913,0.0183,0
108.8059998,0.3759,97.697,2.391,0.7593,0.032,0
106.2951965,0.3862,98.4032,2.3852,0.7441,0.0408,0
105.7749023,0.3882,98.7353,2.386,0.7424,0.0419,0
105.376297,0.3791,99.5546,2.3949,0.7326,0.0485,0
104.5633011,0.3564,99.5205,2.4061,0.7013,0.072,0
103.9661026,0.3421,98.476,2.4088,0.6773,0.071,0
102.802803,0.3448,96.6409,2.4022,0.6642,0.0774,0
100.5038986,0.3519,94.8937,2.3937,0.6444,0.0887,0
99.7181015,0.3523,93.3467,2.3884,0.6329,0.0935,0
100.6631012,0.3553,92.5941,2.3915,0.6491,0.0897,0
101.1523972,0.3787,92.7851,2.4012,0.6949,0.0807,0
102.8500977,0.4163,93.5998,2.4058,0.7688,0.0273,0
107.4513016,0.4312,94.3096,2.3987,0.8302,0.0085,0
111.8247986,0.4085,94.5739,2.3902,0.835,0.0077,0
113.4417038,0.3873,94.6091,2.3904,0.8213,0.0102,0
114.5338974,0.3935,94.3321,2.3953,0.8449,0.0062,0
116.0457001,0.4098,94.4121,2.3975,0.8849,0.0024,0
115.6959991,0.4134,94.6926,2.3974,0.8864,0.0023,0
113.5046997,0.425,94.7495,2.3968,0.8805,0.0026,0
112.5165024,0.4426,94.6274,2.3988,0.8971,0.0017,0
113.1241989,0.4141,94.2389,2.4062,0.8688,0.0035,0
112.888298,0.3644,94.0399,2.4162,0.804,0.0144,0
111.1959991,0.3488,94.2313,2.4196,0.7677,0.0278,0
110.5167999,0.3597,95.0875,2.4147,0.7725,0.0257,0
112.2518997,0.362,95.4589,2.4097,0.789,0.0191,0
114.723999,0.3539,95.1287,2.4086,0.8014,0.0152,0
114.8513031,0.3565,94.9147,2.4061,0.8044,0.0143,0
112.8756027,0.3653,95.6469,2.3998,0.792,0.0181,0
111.4629974,0.3757,96.8193,2.397,0.7904,0.0187,0
112.1485977,0.3967,97.9855,2.4013,0.8304,0.0085,0
112.8901978,0.406,98.4584,2.4058,0.8546,0.005,0
111.3296967,0.3803,98.381,2.4051,0.8021,0.015,0
107.7353973,0.3613,97.6747,2.4036,0.738,0.0448,0
105.3976974,0.3751,97.2208,2.4068,0.7367,0.0456,0
105.5708008,0.3868,97.226,2.4098,0.7574,0.033,0
108.4076996,0.4057,97.6444,2.4134,0.8155,0.0115,0
112.3874969,0.4133,98.6161,2.4097,0.8631,0.0041,0
114.3893967,0.3989,99.4182,2.4059,0.8596,0.0044,0
112.8973999,0.3701,99.5416,2.4104,0.8075,0.0135,0
108.9478989,0.3589,99.0551,2.4196,0.7596,0.0319,0
105.9263,0.3852,98.3746,2.4241,0.7702,0.0267,0
106.3473969,0.4356,97.8586,2.4189,0.8416,0.0066,0
108.7062988,0.4827,97.6657,2.4059,0.8771,0.0029,0
111.2503967,0.4949,98.1347,2.3919,0.9025,0.0015,0
114.3789978,0.4732,98.9178,2.3817,0.9338,0.0006,0
118.3051987,0.4489,99.4073,2.3803,0.9491,0.0003,0
119.8042984,0.4293,99.5118,2.3869,0.9416,0.0004,0
117.2624969,0.4122,99.1925,2.396,0.8993,0.0016,0
114.4227982,0.407,98.8292,2.4,0.8667,0.0037,0
114.2721024,0.4056,98.7858,2.3978,0.8615,0.0042,0
114.3468018,0.3915,99.037,2.3935,0.8388,0.0071,0
112.3996964,0.389,99.4647,2.3902,0.8131,0.0121,0
110.115097,0.4121,99.9284,2.3899,0.8228,0.0099,0
108.9080963,0.4302,100.1783,2.3914,0.8375,0.0073,0
109.8358002,0.4102,100.467,2.3914,0.8185,0.0108,0
112.0906982,0.3787,100.7362,2.3881,0.7938,0.0175,0
112.575798,0.3611,100.4357,2.3794,0.7667,0.0283,0
110.8537979,0.3609,99.6393,2.3674,0.7396,0.0437,0
110.1098022,0.3643,98.7677,2.3611,0.7319,0.049,0
111.3125992,0.3582,98.2779,2.3646,0.7381,0.0447,0
112.1631012,0.3462,98.0278,2.3719,0.7354,0.0465,0
111.8219986,0.3465,97.619,2.3788,0.738,0.0448,0
111.7751999,0.3582,96.9847,2.3862,0.76,0.0316,0
112.5311966,0.367,96.2737,2.392,0.7847,0.0207,0
113.3069,0.3738,95.6607,2.3939,0.8036,0.0145,0
113.6622009,0.3774,95.3911,2.3944,0.8127,0.0122,0
114.3739014,0.3803,95.1206,2.3975,0.8264,0.0092,0
114.9308014,0.3749,94.6229,2.4027,0.8285,0.0088,0
114.4518967,0.3658,94.0175,2.4052,0.8128,0.0121,0
112.2556,0.3526,92.9976,2.4034,0.7707,0.0265,0
107.9810028,0.3397,92.5506,2.4005,0.7074,0.0684,0
104.2677994,0.3433,93.1105,2.4002,0.6751,0.0756,0
103.6138992,0.3628,94.9652,2.4009,0.6967,0.0779,0
105.0413971,0.3788,97.6041,2.3991,0.7322,0.0488,0
106.7399979,0.3934,99.4166,2.3948,0.7664,0.0284,0
107.8022995,0.4093,100.7774,2.3881,0.7942,0.0174,0
106.889801,0.391,101.6085,2.3796,0.7523,0.0358,0
104.3151016,0.3479,102.148,2.3749,0.6618,0.0908,0
101.5401993,0.331,102.1484,2.3764,0.6113,0.0964,0
98.47429657,0.3346,101.5142,2.3793,0.5881,0.1007,0
95.87229919,0.327,100.5664,2.3782,0.5504,0.1072,0
94.96800232,0.3153,99.9336,2.3743,0.5216,0.1118,0
95.36380005,0.3179,99.856,2.3726,0.5279,0.1119,0
96.52359772,0.3261,99.9735,2.3725,0.5511,0.1092,0
98.02500153,0.3312,99.5124,2.3704,0.5716,0.1071,0
98.84249878,0.3349,98.8997,2.3673,0.5825,0.1071,0
99.01439667,0.331,98.1925,2.3685,0.5797,0.1062,0
99.34989929,0.3215,97.4405,2.3753,0.5751,0.1019,0
99.16100311,0.3146,96.603,2.3834,0.5699,0.0977,0
98.38710022,0.3114,96.1531,2.3877,0.5611,0.0968,0
98.36209869,0.3057,96.4777,2.3878,0.5528,0.097,0
99.19249725,0.3007,96.5136,2.3857,0.5524,0.0966,0
99.56510162,0.3065,96.8824,2.3855,0.5641,0.0958,0
99.9036026,0.3203,96.7139,2.3894,0.5902,0.0923,0
100.9271011,0.3274,96.4688,2.3923,0.6128,0.0882,0
101.9793015,0.3318,96.5224,2.3897,0.6275,0.0874,0
103.0329971,0.3432,96.6727,2.3845,0.65,0.0878,0
103.483902,0.3489,96.6887,2.382,0.6606,0.088,0
103.2817993,0.3587,96.6021,2.3777,0.669,0.0903,0
102.6062012,0.3769,96.379,2.3762,0.6868,0.0889,0
103.8707962,0.3918,95.8623,2.3793,0.723,0.0557,0
106.120697,0.366,95.2355,2.3841,0.7129,0.064,0
107.7890015,0.3243,94.8127,2.3857,0.6718,0.0787,0
109.6585007,0.3139,94.9721,2.3827,0.6733,0.0758,0
111.055397,0.3389,95.4936,2.3803,0.7208,0.0575,0
110.4045029,0.3703,96.6108,2.3819,0.76,0.0317,0
108.7656021,0.3865,97.8222,2.3855,0.7695,0.027,0
108.1336975,0.3951,98.499,2.3873,0.7768,0.0238,0
108.5494003,0.3906,99.0872,2.3891,0.776,0.0241,0
109.6373978,0.37,99.8484,2.3922,0.7602,0.0316,0
110.1764984,0.3513,100.5493,2.3932,0.7399,0.0435,0
109.4941025,0.3465,100.589,2.3897,0.7235,0.0553,0
108.3348999,0.3549,99.9252,2.3848,0.7198,0.0582,0
108.1927032,0.3785,98.8723,2.3838,0.751,0.0366,0
108.389801,0.4139,98.0442,2.388,0.8065,0.0137,0
106.9381027,0.4393,97.276,2.3923,0.8314,0.0083,0
104.9144974,0.4315,97.4071,2.3909,0.799,0.0159,0
104.7457962,0.4116,98.5339,2.3859,0.7651,0.0291,0
105.4208984,0.4021,99.7883,2.3802,0.7539,0.035,0
105.2929001,0.3947,100.7731,2.3785,0.7407,0.043,0
105.3705978,0.3737,101.0888,2.387,0.7186,0.0592,0
106.3606033,0.3505,100.2123,2.4017,0.7074,0.0688,0
108.2457962,0.3391,97.6666,2.4149,0.7207,0.0575,0
110.4035034,0.3286,93.6929,2.4304,0.7399,0.0435,0
110.2388,0.3056,89.4863,2.4595,0.729,0.0294,0
105.6725998,0.2853,86.1942,2.4959,0.6838,0.0179,0
98.61859894,0.28,84.3814,2.5147,0.6208,0.0279,0
95.58850098,0.2853,83.7241,2.5048,0.5901,0.0427,0
101.6663971,0.2962,83.814,2.4827,0.6486,0.0354,0
107.1523972,0.3039,84.1323,2.4746,0.7079,0.0268,0
117.361702,0.3143,84.3804,2.4695,0.8206,0.0091,0
122.0460968,0.303,84.3297,2.473,0.8438,0.0009,0
122.3864975,0.2859,84.2068,2.4744,0.8207,0.0001,0
121.8003998,0.2861,84.3975,2.4732,0.82,0.0009,0
120.9001999,0.2972,84.4385,2.4755,0.8366,0.0001,0
118.6740036,0.3012,84.4031,2.4827,0.8257,0.0001,0
116.7801971,0.2977,84.3889,2.4902,0.8079,0.0001,0
118.4746017,0.2958,84.6175,2.4937,0.8249,0.0001,0
121.8535995,0.3011,85.075,2.4916,0.856,0.0001,0
122.219902,0.3151,85.6766,2.49,0.8746,0.0001,0
119.381897,0.3334,86.4118,2.4995,0.8919,0.0001,0
116.0839005,0.3528,87.0534,2.5126,0.8969,0.0001,0
114.5346985,0.3753,87.838,2.5039,0.9063,0.0001,0
115.8551025,0.3916,88.6715,2.473,0.9178,0.0009,0
118.8755035,0.3837,89.5925,2.4488,0.9174,0.0009,0
121.4261017,0.3661,90.1019,2.4472,0.9124,0.0011,0
121.3908005,0.3672,90.4798,2.4584,0.923,0.0008,0
119.6194,0.384,90.3982,2.4653,0.9385,0.0005,0
117.8023987,0.3888,90.5567,2.4643,0.9263,0.0007,0
117.1185989,0.3685,90.5355,2.4605,0.8877,0.0022,0
115.5591965,0.3462,91.0512,2.4542,0.8355,0.0076,0
112.5080032,0.3513,91.8948,2.445,0.8048,0.0142,0
110.6511002,0.3862,92.905,2.4353,0.8279,0.0089,0
112.2192001,0.4172,94.9586,2.4308,0.8838,0.0024,0
114.4247971,0.4189,97.3642,2.4336,0.9106,0.0012,0
114.4449997,0.4098,100.2972,2.4364,0.9001,0.0016,0
113.4777985,0.4081,102.1876,2.4318,0.8843,0.0024,0
112.4821014,0.4025,102.9697,2.425,0.861,0.0043,0
112.3143005,0.3847,102.9757,2.424,0.8333,0.008,0
113.4812012,0.3698,102.3652,2.4288,0.8277,0.009,0
115.1593018,0.3701,101.4142,2.4366,0.8512,0.0054,0
116.0395966,0.3751,100.9264,2.4411,0.8707,0.0034,0
119.0130005,0.3897,100.066,2.4491,0.9275,0.0007,0
123.0540009,0.409,99.529,2.4504,0.9758,0.0001,0
124.9470978,0.4116,99.1437,2.4431,0.9736,0.0001,0
124.4243011,0.3863,98.609,2.438,0.9337,0.0006,0
124.0521011,0.3681,97.9129,2.4432,0.9121,0.0011,0
123.7099991,0.3698,96.575,2.457,0.9544,0.0003,0
122.4514008,0.3522,93.8502,2.4802,0.9435,0.0001,0
121.0660019,0.2941,89.4126,2.5183,0.9316,0.0001,0
116.8567963,0.2263,83.2787,2.5617,0.8361,0.0001,0
106.0639038,0.1794,77.561,2.5822,0.6711,0.0001,0
92.12609863,0.1563,74.4329,2.5677,0.4871,0.0001,0
82.04060364,0.1516,73.9331,2.531,0.3482,0.0323,0
78.95629883,0.1632,75.1373,2.4902,0.2982,0.0646,0
81.08339691,0.1884,77.2128,2.4564,0.3288,0.0797,0
85.71140289,0.2161,79.319,2.4348,0.4002,0.0818,0
91.32409668,0.2322,80.4415,2.4266,0.472,0.0737,0
97.40270233,0.2384,80.4759,2.4243,0.5343,0.0627,0
101.8750992,0.2379,80.2486,2.4185,0.5652,0.0596,0
102.4548035,0.238,80.268,2.4083,0.5586,0.0651,0
101.6149979,0.2453,80.2408,2.3986,0.555,0.0716,0
102.4091034,0.2539,80.0193,2.3952,0.5755,0.0714,0
104.7397003,0.2507,79.6005,2.4049,0.6003,0.0621,0
106.8749008,0.2403,79.4043,2.4219,0.6171,0.0507,0
108.077301,0.2274,79.7054,2.4279,0.6081,0.0457,0
108.2158966,0.2171,80.3156,2.4163,0.5749,0.0547,0
107.2347031,0.2151,80.9157,2.402,0.5459,0.0662,0
104.4611969,0.2193,81.3634,2.3985,0.5265,0.0711,0
100.3544006,0.2226,81.6216,2.4063,0.5068,0.0718,0
98.52670288,0.2288,81.665,2.4169,0.5159,0.067,0
99.81950378,0.2388,81.5729,2.4264,0.5584,0.0576,0
100.7897034,0.2415,81.4941,2.4301,0.5766,0.0534,0
101.7277985,0.2364,81.1898,2.4333,0.5779,0.0506,0
101.4669037,0.2251,80.7963,2.4319,0.551,0.0535,0
101.9001007,0.2226,80.479,2.4294,0.5468,0.0548,0
103.8234024,0.2306,80.2297,2.4302,0.5806,0.0515,0
106.2242966,0.2402,79.7238,2.4397,0.6318,0.0395,0
106.8348007,0.2447,79.2814,2.4579,0.6673,0.0237,0
106.2817993,0.2407,78.9802,2.4736,0.6725,0.0142,0
107.1485977,0.2334,78.9032,2.4773,0.6694,0.0107,0
110.4804993,0.2372,78.7902,2.4734,0.7013,0.0075,0
114.6121979,0.2529,78.8568,2.4696,0.7646,0.003,0
117.3113022,0.2647,78.9552,2.4669,0.8088,0.0006,0
116.5503006,0.2617,79.1644,2.4637,0.7924,0.0039,0
113.5764999,0.2522,79.3177,2.4621,0.7456,0.0096,0
111.9856033,0.2459,79.5973,2.4668,0.7244,0.0091,0
113.1415024,0.248,79.8237,2.4761,0.7494,0.001,0
114.6540985,0.2536,80.1138,2.4827,0.7815,0.0001,0
115.0037994,0.2563,80.3526,2.4862,0.794,0.0001,0
114.8335037,0.2543,80.2643,2.4904,0.7934,0.0001,0
115.495697,0.2513,79.9713,2.4936,0.7966,0.0001,0
117.9494019,0.2495,79.766,2.4914,0.8116,0.0001,0
120.2850037,0.2497,79.8852,2.4851,0.8249,0.0001,0
119.6549988,0.2574,80.3007,2.4792,0.8283,0.0001,0
117.5149002,0.2742,80.7264,2.4754,0.8397,0.0001,0
116.0086975,0.2966,80.8872,2.4731,0.8697,0.0001,0
114.7441025,0.3155,80.879,2.4735,0.8771,0.0001,0
114.6853027,0.3304,80.8409,2.4764,0.8766,0.0001,0
116.5501022,0.3336,80.8756,2.4792,0.8927,0.0001,0
118.4985962,0.3207,80.9058,2.4802,0.9095,0.0001,0
120.9682007,0.3057,81.0427,2.4815,0.9308,0.0001,0
123.9225998,0.2986,81.5575,2.4858,0.9562,0.0001,0
124.4339981,0.2983,82.7137,2.4932,0.9606,0.0001,0
123.6154022,0.2985,83.4974,2.4962,0.9536,0.0001,0
122.039299,0.2999,84.8958,2.4979,0.94,0.0001,0
122.3392029,0.3041,85.8569,2.4929,0.9426,0.0001,0
123.3739014,0.3153,86.0871,2.4812,0.9515,0.0001,0
124.3684998,0.3292,85.7655,2.4668,0.9601,0.0001,0
126.1079025,0.328,85.1703,2.4569,0.9751,0.0001,0
126.6090012,0.317,84.2477,2.4476,0.9732,0.0001,0
121.5498962,0.2996,82.9587,2.424,0.8669,0.0037,0
111.4070969,0.2755,81.551,2.3859,0.6863,0.0632,0
102.0154037,0.2558,79.9843,2.3564,0.5312,0.0968,1
96.52159882,0.2422,77.5818,2.3557,0.4553,0.1077,1
92.75489807,0.2277,74.3363,2.3884,0.431,0.0952,1
89.02729797,0.2147,71.1873,2.4385,0.4302,0.0723,1
87.02380371,0.208,69.3867,2.473,0.4392,0.055,1
89.20379639,0.2064,69.3083,2.4678,0.4487,0.0539,1
94.27799988,0.2048,70.3596,2.4352,0.4515,0.0643,2
98.3003006,0.2011,71.8655,2.4058,0.4447,0.0767,2
98.73179626,0.1967,73.4591,2.3936,0.4254,0.0843,2
96.27079773,0.1936,75.0073,2.3923,0.3963,0.0896,2
93.01550293,0.1939,76.2863,2.3884,0.3644,0.0976,2
91.35749817,0.1965,77.1911,2.3798,0.3454,0.1058,2
91.63289642,0.2036,77.8129,2.3701,0.3511,0.1109,2
91.68900299,0.2172,78.2883,2.3607,0.3684,0.1155,2
91.1832962,0.2295,78.469,2.3568,0.3846,0.1181,2
92.89900208,0.2284,78.1758,2.364,0.4055,0.1104,2
96.20149994,0.2213,77.6813,2.3789,0.4367,0.0952,2
96.45729828,0.216,77.4811,2.3898,0.4407,0.0883,1
93.3404007,0.2117,77.9688,2.3886,0.4037,0.0949,1
90.65630341,0.2096,79.0518,2.3752,0.3608,0.1089,1
89.16000366,0.2076,80.2374,2.3532,0.3184,0.1259,1
86.65090179,0.2027,80.9013,2.3271,0.2566,0.148,1
82.60320282,0.1986,81.2199,2.3039,0.1866,0.1706,1
80.44059753,0.1984,81.4235,2.2956,0.158,0.1805,1
76.75270081,0.2027,81.7424,2.2924,0.1312,0.1924,1
75.64649963,0.2124,81.4747,2.3169,0.1698,0.1779,1
79.13990021,0.2247,80.5579,2.3685,0.2845,0.1367,2
87.91649628,0.2353,79.6268,2.4226,0.4443,0.0834,2
99.20230103,0.2419,79.2,2.4496,0.5862,0.0427,2
108.4700012,0.2479,79.0951,2.4501,0.6789,0.0261,0
112.7922974,0.2554,79.4788,2.4403,0.7201,0.0256,0
112.8210983,0.2609,80.2303,2.4272,0.7165,0.0341,0
110.8830032,0.2644,80.8068,2.4126,0.69,0.0469,0
109.4322968,0.2665,80.9297,2.4039,0.6718,0.0533,0
110.6719971,0.2599,80.7635,2.4095,0.6755,0.05,0
114.8831024,0.2486,80.5452,2.4301,0.7125,0.0303,0
120.0016022,0.2472,80.4401,2.4588,0.7869,0.0034,0
124.0101013,0.2597,80.4533,2.484,0.8761,0.0001,0
125.8090973,0.2802,80.6354,2.4993,0.951,0.0001,0
126.0926971,0.3058,80.8883,2.5067,0.9749,0.0001,0
127.3495026,0.3336,81.4562,2.5104,0.9858,0.0001,0
129.9723969,0.3533,82.4016,2.5141,1,0.0001,0
131.7225952,0.3561,83.6339,2.5162,1,0.0001,0
131.9163971,0.3503,84.4712,2.5111,1,0.0001,0
130.9472046,0.3387,84.8151,2.5029,1,0.0001,0
127.2146988,0.3137,84.398,2.5024,0.9846,0.0001,0
117.597702,0.277,83.0934,2.5112,0.8875,0.0001,0
103.4309006,0.242,80.9028,2.5195,0.7036,0.0001,0
91.27259827,0.2179,77.7644,2.5115,0.5404,0.0201,2
87.17220306,0.2053,74.4508,2.4779,0.4406,0.0518,2
89.72319794,0.1942,72.4244,2.4354,0.3909,0.0737,2
93.54669952,0.1819,71.6947,2.4115,0.3712,0.0832,2
96.69400024,0.1797,71.9442,2.4123,0.3947,0.0779,2
99.16950226,0.1908,73.0674,2.4211,0.4489,0.0675,2
100.5218964,0.204,73.5937,2.4239,0.4907,0.0621,2
100.9412994,0.2084,74.4351,2.4224,0.5015,0.0619,1
102.3621979,0.2131,76.3281,2.4114,0.5106,0.0661,1
104.1160965,0.2121,78.3805,2.3891,0.498,0.0777,1
103.3337021,0.2087,80.0996,2.3642,0.4555,0.095,1
99.43659973,0.2121,81.0247,2.346,0.4078,0.1122,2
96.36009979,0.2243,81.2884,2.3349,0.3934,0.1228,2
96.46579742,0.2342,81.358,2.33,0.4088,0.1247,2
99.2786026,0.237,81.3212,2.3389,0.449,0.1138,2
104.1323013,0.2352,81.0231,2.3654,0.5178,0.0899,2
110.5229034,0.2273,80.3995,2.3968,0.5931,0.0629,2
115.0180969,0.2129,79.4596,2.4191,0.6282,0.0402,2
114.7434006,0.2011,78.056,2.4359,0.6212,0.0277,0
110.8097992,0.1983,76.2821,2.4553,0.604,0.0202,0
106.3733978,0.1987,74.2727,2.4754,0.5898,0.0147,0
102.9615021,0.1929,72.3533,2.4856,0.5603,0.0145,2
99.14179993,0.1845,70.9531,2.4758,0.499,0.0294,2
94.41059875,0.1845,70.4956,2.4534,0.4323,0.0552,2
91.88819885,0.1957,71.5805,2.4381,0.4157,0.0678,2
93.16100311,0.2114,73.7384,2.4397,0.4605,0.063,2
96.63559723,0.2191,75.6077,2.4484,0.5162,0.0506,2
101.2946014,0.214,76.5614,2.4529,0.5512,0.0422,2
105.7954025,0.2056,76.8914,2.4563,0.5768,0.0289,2
108.6242981,0.2059,77.0286,2.4639,0.6106,0.0181,0
110.0891037,0.2149,77.1819,2.4753,0.6547,0.0077,0
111.6016006,0.2208,77.3471,2.4845,0.6904,0.0001,0
112.4623032,0.2195,77.5886,2.482,0.6923,0.0001,0
111.5208969,0.2189,77.9774,2.4689,0.6678,0.0095,0
109.4814987,0.2201,78.3962,2.4534,0.6348,0.0235,0
108.5239029,0.2197,78.7833,2.4349,0.6043,0.0388,0
108.4255981,0.2207,79.2672,2.4128,0.58,0.0563,2
106.7860031,0.2301,79.8706,2.3975,0.5674,0.0685,2
105.2288971,0.2391,80.1804,2.3963,0.5709,0.0689,2
102.2409973,0.2582,80.6537,2.4063,0.5956,0.0643,2
102.2752991,0.2636,81.0941,2.4228,0.626,0.0529,2
105.3581009,0.2553,81.5158,2.4368,0.6518,0.0413,2
109.8662033,0.2521,81.2504,2.4478,0.6968,0.0252,0
113.7142029,0.255,80.5661,2.4542,0.7433,0.0146,0
113.6839981,0.2512,79.6211,2.4496,0.73,0.0179,0
109.239502,0.2433,79.1236,2.4323,0.6556,0.0386,1
104.3023987,0.239,78.7237,2.4119,0.5807,0.0601,1
102.271698,0.2344,78.7178,2.4005,0.5407,0.0709,1
100.9940033,0.2245,79.2645,2.4,0.5089,0.0744,1
98.62310028,0.2158,79.312,2.4027,0.4739,0.0775,1
96.60350037,0.2082,78.9973,2.4032,0.4415,0.0809,1
95.73169708,0.1904,77.9105,2.4025,0.3969,0.0848,1
93.72949982,0.1718,76.3107,2.4083,0.3485,0.0864,2
90.37879944,0.1707,74.1465,2.4171,0.3275,0.0864,2
89.67759705,0.1875,72.4212,2.4115,0.3492,0.0893,2
92.58350372,0.206,72.2298,2.3887,0.3857,0.0966,2
95.42389679,0.2141,75.0678,2.3655,0.3999,0.1054,2
96.95429993,0.2177,78.3626,2.3505,0.4031,0.112,2
99.02410126,0.22,80.6664,2.3411,0.4147,0.1143,2
102.4972992,0.2201,82.5332,2.3364,0.4394,0.1121,2
106.2298965,0.2248,82.9571,2.3418,0.4874,0.1025,2
108.495697,0.2408,83.0109,2.3602,0.5608,0.0856,2
108.947197,0.2567,82.739,2.3857,0.6266,0.067,2
108.8102036,0.2575,82.3204,2.4084,0.6532,0.0525,2
109.3728027,0.2511,81.9007,2.4249,0.6641,0.0428,2
109.6028976,0.251,81.3188,2.4392,0.6824,0.0319,2
108.824501,0.2585,80.9245,2.452,0.7058,0.0234,2
109.9758987,0.2692,80.7874,2.4608,0.7477,0.0147,0
114.5083008,0.2734,80.8283,2.4635,0.7984,0.0061,0
117.8096008,0.2656,80.7311,2.4613,0.8084,0.0038,0
117.7236023,0.26,80.6225,2.4597,0.7944,0.0052,0
115.9163971,0.2545,80.4959,2.4616,0.7698,0.0065,0
116.1540985,0.2588,80.6871,2.4732,0.794,0.0001,0
118.2053986,0.2629,81.0217,2.4882,0.8374,0.0001,0
118.3311005,0.2602,81.2115,2.4977,0.844,0.0001,0
116.8855972,0.2601,81.4127,2.5009,0.835,0.0001,0
117.1246033,0.2727,81.6534,2.5005,0.8623,0.0001,0
120.3304977,0.2954,81.7512,2.4949,0.9253,0.0001,0
123.0697021,0.3114,81.6499,2.4856,0.9489,0.0001,0
122.4190979,0.3005,81.4396,2.4791,0.9399,0.0001,0
120.5590973,0.2752,81.2447,2.4807,0.8741,0.0001,0
120.2783966,0.2647,81.1586,2.4892,0.8601,0.0001,0
120.8365021,0.2756,81.182,2.4998,0.8994,0.0001,0
121.9870987,0.2886,81.3113,2.5088,0.9395,0.0001,0
124.5546036,0.2967,81.6342,2.5133,0.9617,0.0001,0
127.1556015,0.3059,82.2411,2.5103,0.9841,0.0001,0
127.9456024,0.3179,83.1601,2.5022,0.9909,0.0001,0
127.3429031,0.3276,83.7887,2.4964,0.9857,0.0001,0
126.9133987,0.3287,83.7066,2.4966,0.982,0.0001,0
126.6850967,0.3152,83.1535,2.5002,0.98,0.0001,0
125.3715973,0.2926,82.2921,2.5055,0.9687,0.0001,0
122.396698,0.2731,81.576,2.5078,0.917,0.0001,0
117.0301971,0.2549,80.927,2.4911,0.8143,0.0001,0
109.1288986,0.2347,79.9789,2.4476,0.6548,0.0277,0
101.5005035,0.2203,78.981,2.3934,0.4971,0.0785,0
98.38710022,0.2184,78.3974,2.3525,0.4191,0.1091,2
99.3184967,0.2242,79.271,2.3398,0.4243,0.1153,2
100.0367966,0.2249,81.4914,2.3528,0.447,0.1058,2
99.376297,0.2204,83.6384,2.3768,0.4598,0.0917,2
101.0270996,0.224,85.0316,2.4005,0.5088,0.0741,2
106.2957993,0.2409,85.5168,2.4245,0.6163,0.0497,2
110.8326035,0.2572,85.2626,2.4498,0.7179,0.0218,2
112.1902008,0.2617,84.9983,2.4611,0.7518,0.0117,0
115.4201965,0.271,84.1948,2.4786,0.8188,0.0001,0
120.1411972,0.2876,83.566,2.4891,0.9055,0.0001,0
123.7498016,0.3014,83.0473,2.4929,0.9547,0.0001,0
125.5917969,0.3012,82.6013,2.4918,0.9706,0.0001,0
126.0849991,0.2929,82.0293,2.4921,0.971,0.0001,0
125.9487,0.2859,81.7068,2.4984,0.9628,0.0001,0
126.4828033,0.2865,81.5008,2.5071,0.9783,0.0001,0
127.0298996,0.2882,80.7319,2.5122,0.983,0.0001,0
125.4772034,0.2801,79.6238,2.5123,0.963,0.0001,0
123.0587997,0.2718,77.9271,2.5086,0.9209,0.0001,0
122.0018997,0.2759,77.4611,2.5035,0.9143,0.0001,0
122.7024994,0.2845,77.7307,2.5013,0.9353,0.0001,0
125.1931,0.2879,78.2861,2.5029,0.9656,0.0001,0
127.4965973,0.2908,78.878,2.5031,0.987,0.0001,0
126.903801,0.296,79.1728,2.4974,0.9819,0.0001,0
123.4048996,0.2963,79.6671,2.4903,0.9518,0.0001,0
120.4055023,0.2916,80.1708,2.488,0.9146,0.0001,0
120.9337006,0.2852,80.4751,2.4895,0.9079,0.0001,0
124.1966019,0.2826,80.4947,2.4902,0.9315,0.0001,0
127.3110962,0.2892,80.6489,2.4897,0.9712,0.0001,0
129.669693,0.3043,80.9195,2.4892,1,0.0001,0
130.613205,0.3202,81.454,2.4879,1,0.0001,0
127.8778,0.3293,81.4642,2.4878,0.9903,0.0001,0
124.2848969,0.3293,81.1602,2.4904,0.9594,0.0001,0
124.2294998,0.3176,80.9136,2.4924,0.9589,0.0001,0
125.9433975,0.2978,81.2158,2.492,0.9736,0.0001,0
126.3500977,0.2834,81.757,2.4934,0.9554,0.0001,0
126.158699,0.2823,81.9625,2.4988,0.9577,0.0001,0
125.2004013,0.2798,81.9483,2.5023,0.9484,0.0001,0
122.5942993,0.2722,81.9252,2.4967,0.904,0.0001,0
120.754097,0.2737,82.2028,2.4847,0.8773,0.0001,0
120.9445038,0.2798,82.4934,2.4794,0.8853,0.0001,0
122.7919998,0.2958,83.2711,2.4756,0.9294,0.0001,0
123.6442032,0.3089,84.3398,2.4794,0.9538,0.0001,0
122.7612991,0.3225,85.5675,2.484,0.9462,0.0001,0
122.8707962,0.3412,86.7955,2.485,0.9472,0.0001,0
124.0603027,0.3605,87.641,2.4842,0.9574,0.0001,0
125.1847,0.3685,88.0041,2.4839,0.9671,0.0001,0
126.9095993,0.3683,88.1336,2.4829,0.982,0.0001,0
128.789505,0.381,88.2522,2.4801,0.9982,0.0001,0
128.7866974,0.4048,88.4672,2.476,0.9982,0.0001,0
127.9147034,0.4052,88.6315,2.4726,0.9906,0.0001,0
128.2292938,0.3722,88.421,2.4722,0.9934,0.0001,0
128.337204,0.3419,87.7095,2.4778,0.9943,0.0001,0
125.1179962,0.3269,86.6937,2.4891,0.9665,0.0001,0
119.5543976,0.3085,85.587,2.4968,0.9186,0.0001,0
116.0510025,0.2861,84.5533,2.4956,0.8747,0.0001,0
115.2062988,0.2699,83.46,2.4939,0.8324,0.0001,0
114.6847992,0.2588,82.3236,2.4981,0.8101,0.0001,0
114.824501,0.2533,81.6554,2.4984,0.8005,0.0001,0
115.7433014,0.2622,81.7469,2.4827,0.8084,0.0001,0
114.3214035,0.2743,82.226,2.456,0.79,0.0114,0
110.6724014,0.266,82.7944,2.435,0.7173,0.0321,0
107.4805984,0.2481,82.9246,2.4316,0.6494,0.0412,0
105.8331985,0.2409,82.34,2.4439,0.6347,0.0358,0
105.9063034,0.2433,81.2417,2.4587,0.6574,0.025,0
107.4679031,0.2501,80.203,2.4696,0.6973,0.0143,0
110.0715027,0.2626,79.703,2.4784,0.7554,0.0033,0
113.2287979,0.2761,79.6064,2.4828,0.8152,0.0001,0
114.8939972,0.2813,79.4314,2.4781,0.8347,0.0001,0
113.2610016,0.2772,79.0761,2.4697,0.8026,0.0033,0
110.5811005,0.2691,79.0582,2.4634,0.7557,0.0121,0
109.6983032,0.2636,79.1456,2.4608,0.7339,0.0156,0
108.8243027,0.2488,79.7116,2.455,0.6895,0.022,0
108.6288986,0.2325,80.2962,2.4488,0.6474,0.0278,1
108.8069992,0.2224,80.5577,2.4412,0.6196,0.0336,1
109.6567001,0.2216,80.8315,2.4253,0.6069,0.0449,1
109.9774017,0.2247,80.9993,2.4008,0.5877,0.0613,1
108.2935028,0.221,81.3446,2.3817,0.5436,0.0776,1
105.6446991,0.2117,81.0611,2.3798,0.4996,0.0824,1
103.4545975,0.2062,81.5312,2.3818,0.4718,0.085,1
101.7360001,0.209,82.0462,2.3667,0.4453,0.0967,1
99.32309723,0.2161,82.8767,2.3412,0.4095,0.1158,1
96.77700043,0.2183,82.7999,2.3235,0.3716,0.1306,1
96.05239868,0.2127,82.2117,2.3224,0.3526,0.1331,1
99.80580139,0.2066,81.1725,2.3469,0.4009,0.1123,1
107.4253006,0.2038,79.9766,2.399,0.521,0.0691,0
113.6103973,0.2026,79.0201,2.4518,0.6329,0.0178,0
114.364502,0.2053,78.543,2.4711,0.6672,0.0037,0
111.4008026,0.21,78.3596,2.4642,0.6432,0.0131,0
109.0932007,0.207,78.7119,2.4513,0.6023,0.0262,0
109.5139008,0.1993,79.1105,2.4354,0.5719,0.0375,0
111.385498,0.1981,79.3989,2.4231,0.5714,0.0449,0
112.4505005,0.2031,79.4447,2.4267,0.5949,0.0386,0
112.6283035,0.2075,79.1282,2.4474,0.6293,0.0226,0
111.9419022,0.2096,78.7911,2.4705,0.6543,0.008,0
111.1171036,0.2096,78.3268,2.4837,0.6625,0.0005,0
112.5774994,0.2071,78.1475,2.4888,0.6759,0.0001,0
116.5755005,0.2077,78.0878,2.4887,0.7114,0.0001,0
118.2910004,0.2125,78.1372,2.4781,0.7238,0.0001,0
114.5588989,0.2186,78.0685,2.4548,0.6771,0.0142,0
107.2389984,0.2277,78.106,2.4267,0.6001,0.048,0
100.1259995,0.2437,78.4521,2.404,0.5452,0.0711,0
96.94259644,0.2555,79.0939,2.3964,0.533,0.0798,0
97.04109955,0.2537,79.4561,2.3992,0.5334,0.078,0
98.92910004,0.237,80.0485,2.4138,0.5325,0.0676,0
100.2316971,0.2245,80.3545,2.4296,0.5365,0.0573,0
101.851799,0.2308,80.4537,2.4403,0.5757,0.0481,0
104.9408035,0.2463,80.5039,2.4481,0.6429,0.034,0
107.1787033,0.2503,80.4906,2.4546,0.6779,0.0251,0
108.1498032,0.2435,80.3307,2.4551,0.673,0.0235,0
109.2755966,0.2405,80.1978,2.4454,0.6653,0.0287,0
110.3471985,0.2502,80.4466,2.4312,0.678,0.0365,0
110.5849991,0.2639,80.7155,2.4291,0.7055,0.0366,0
110.2779007,0.2687,80.6023,2.448,0.7345,0.0231,0
110.6464996,0.2673,80.2755,2.4761,0.7672,0.0036,0
113.3350983,0.2683,79.7299,2.4953,0.8146,0.0001,0
117.9122009,0.2653,78.9099,2.5039,0.8579,0.0001,0
120.7949982,0.2512,77.6662,2.5093,0.8603,0.0001,0
120.2982025,0.2256,75.8402,2.5154,0.8108,0.0001,0
118.142601,0.1863,73.5027,2.5246,0.7228,0.0001,0
114.927803,0.1486,71.4758,2.537,0.6326,0.0001,0
108.2154999,0.1289,70.1514,2.5448,0.5436,0.0001,0
97.61849976,0.1269,69.7753,2.5439,0.4471,0.0001,0
86.86309814,0.1351,70.3595,2.5433,0.3704,0.0136,0
79.5759964,0.1465,71.3792,2.5387,0.3255,0.0333,0
76.42310333,0.156,72.997,2.5133,0.2883,0.0559,2
76.82209778,0.1624,75.5821,2.4651,0.2492,0.0849,2
81.49710083,0.1704,78.6285,2.4114,0.2437,0.108,2
89.55380249,0.1836,81.0403,2.3706,0.293,0.116,2
97.30750275,0.1957,82.0748,2.3545,0.3659,0.1115,2
101.2221985,0.2016,81.7697,2.363,0.4215,0.0997,2
101.5036011,0.2066,81.2076,2.3813,0.4552,0.0872,2
101.8077011,0.213,81.1094,2.3864,0.4768,0.0829,2
104.9288025,0.2169,81.2256,2.3781,0.502,0.0832,2
109.536499,0.2211,80.9492,2.3783,0.5506,0.078,2
111.2472992,0.2241,80.6451,2.3876,0.5822,0.0682,2
112.3286972,0.2278,79.7492,2.4218,0.6385,0.042,0
111.0173035,0.2268,79.2729,2.4524,0.6605,0.0212,0
109.5762024,0.2263,79.5409,2.4514,0.6459,0.0245,0
109.9428024,0.2267,80.4786,2.4223,0.6163,0.0462,0
111.0447998,0.2218,80.8936,2.3881,0.5763,0.0685,1
110.1643982,0.213,81.3339,2.3646,0.5236,0.0872,1
107.1088028,0.2047,81.1966,2.3575,0.4722,0.0954,1
103.5440979,0.1991,80.7465,2.3734,0.4484,0.0914,1
100.3347015,0.1955,80.0853,2.4118,0.4577,0.0724,1
99.54470062,0.1956,79.5598,2.4511,0.4965,0.0488,0
102.0194016,0.2008,79.1424,2.4599,0.5386,0.0341,0
104.7285995,0.2058,79.246,2.4307,0.5384,0.0523,0
104.895401,0.2042,79.6707,2.3828,0.4813,0.0826,0
102.7098007,0.1988,80.8585,2.3381,0.3998,0.1146,1
98.89050293,0.1961,81.5254,2.3101,0.6052,0.0914,1
95.68609619,0.1976,82.3325,2.3107,0.548,0.1014,1
95.70870209,0.2006,82.0903,2.3418,0.5484,0.0883,1
98.20379639,0.2042,81.4654,2.3717,0.5929,0.067,1
98.67369843,0.2078,80.7572,2.3511,0.6013,0.0759,1
93.54160309,0.212,80.8008,2.2931,0.5097,0.1166,1
85.76110077,0.2131,80.9573,2.2536,0.3707,0.1575,1
82.14530182,0.2081,81.1647,2.2539,0.3062,0.1682,1
85.75930023,0.2009,81.2392,2.2889,0.3707,0.1402,1
93.33350372,0.2009,80.7331,2.3435,0.506,0.0962,1
101.167099,0.2096,79.8681,2.3985,0.6458,0.0459,1
106.8366013,0.2171,78.7783,2.4275,0.7471,0.0001,0
107.4884033,0.2139,78.4101,2.4196,0.7587,0.0001,0
102.0710983,0.2009,78.7578,2.3862,0.662,0.0465,0
93.84570313,0.1899,79.4981,2.3458,0.5151,0.0898,0
86.47389984,0.1885,80.0801,2.3143,0.3835,0.1241,0
80.95050049,0.1891,80.5443,2.2976,0.2848,0.1492,1
78.65029907,0.1859,80.686,2.293,0.2438,0.1579,1
73.92240143,0.175,80.9039,2.2852,0.1593,0.1741,1
68.99120331,0.1704,81.0798,2.2764,0.0713,0.1951,1
65.61869812,0.1772,81.1992,2.2746,0.011,0.2159,1
65.06900024,0.1861,81.2708,2.2881,0.0012,0.2164,1
66.62979889,0.1872,81.23,2.3108,0.0291,0.2022,2
69.27690125,0.1841,81.0002,2.3251,0.0764,0.1853,2
71.9733963,0.1851,80.755,2.3227,0.1245,0.176,2
73.17590332,0.1887,80.6676,2.3105,0.146,0.1744,2
72.1269989,0.1845,80.754,2.2973,0.1273,0.1807,2
70.03230286,0.1748,80.6928,2.288,0.0899,0.1885,2
68.58609772,0.1709,80.4676,2.2849,0.064,0.194,2
67.96060181,0.1719,80.4421,2.2842,0.0529,0.1976,2
68.29160309,0.1701,80.6991,2.2794,0.0588,0.1967,2
69.49230194,0.1669,81.2603,2.2677,0.0802,0.1943,2
70.26180267,0.1669,82.1087,2.2564,0.094,0.1956,2
70.76439667,0.1679,82.9367,2.2556,0.1029,0.1945,2
72.65100098,0.1687,83.2481,2.2658,0.1366,0.1841,2
74.83070374,0.1738,82.9016,2.2765,0.1755,0.1739,2
75.29450226,0.1827,82.1605,2.2787,0.1838,0.1744,2
76.21170044,0.1889,81.3952,2.2876,0.2002,0.17,2
80.68250275,0.1938,81.105,2.3306,0.28,0.1389,2
88.36039734,0.2042,81.0878,2.4139,0.4171,0.0809,2
98.08670044,0.2155,81.0541,2.501,0.5908,0.0111,0
108.0058975,0.227,81.1988,2.545,0.768,0.0001,0
114.7695007,0.2531,81.6375,2.5503,0.8887,0.0001,0
116.5922012,0.2989,82.2517,2.549,0.9213,0.0001,0
115.3552017,0.3373,82.8025,2.5468,0.8992,0.0001,0
113.5839005,0.337,82.9482,2.5384,0.8676,0.0001,0
113.1619034,0.3071,82.5037,2.5264,0.86,0.0001,0
113.6513977,0.2696,81.525,2.5195,0.8688,0.0001,0
114.1762009,0.2553,80.8865,2.5201,0.8781,0.0001,0
115.9020004,0.242,79.6693,2.5297,0.909,0.0001,0
118.8432007,0.2468,78.6093,2.5446,0.9615,0.0001,0
122.4701996,0.2538,77.8255,2.553,1,0.0001,0
124.4657974,0.2482,77.2046,2.5477,1,0.0001,0
123.4488983,0.2389,76.7312,2.5222,1,0.0001,0
120.2257996,0.2348,76.9215,2.4705,0.9862,0.0001,0
115.0931015,0.2269,77.7098,2.409,0.8945,0.0001,0
106.3282013,0.2135,78.5902,2.3654,0.738,0.0448,0
95.28559875,0.2032,79.4175,2.3484,0.5408,0.0877,0
87.14810181,0.2003,79.8989,2.346,0.3955,0.1115,1
83.95089722,0.2027,79.7506,2.3457,0.3384,0.1229,1
83.66359711,0.2039,79.5707,2.3422,0.3333,0.1257,1
83.7154007,0.1967,79.2713,2.337,0.3342,0.1253,1
83.12950134,0.1839,79.247,2.3358,0.3237,0.1246,1
80.92849731,0.1754,79.8121,2.3403,0.2844,0.1275,1
77.55470276,0.1739,80.3422,2.3428,0.2242,0.1384,1
75.13909912,0.1757,80.8535,2.3348,0.1811,0.1521,1
73.92060089,0.1779,81.1361,2.3142,0.1593,0.1651,1
71.67769623,0.1797,82.4935,2.2871,0.1192,0.1844,1
68.63980103,0.1823,83.8576,2.2644,0.065,0.2058,1
66.53079987,0.1878,84.516,2.2543,0.0273,0.2218,1
65.52999878,0.1993,84.5736,2.2603,0.0095,0.2299,1
66.71399689,0.2191,83.7779,2.2878,0.0306,0.222,1
73.03279877,0.2417,82.2964,2.3489,0.1434,0.1817,1
86.18470001,0.2522,80.3115,2.4352,0.3783,0.0996,0
102.8061981,0.2471,78.1411,2.5045,0.6751,0.0031,0
115.1507034,0.2325,76.2959,2.5245,0.8955,0.0001,0
104.5317993,0.2019,78.6419,2.426,0.7059,0.0001,1
100.800499,0.2025,80.2408,2.3898,0.6393,0.0493,1
95.84500122,0.2106,81.2122,2.3614,0.5508,0.0822,1
93.60440063,0.2154,81.484,2.3541,0.5108,0.0922,1
93.37590027,0.2155,81.435,2.3605,0.5067,0.0901,1
93.24859619,0.2146,81.4162,2.3605,0.5044,0.0902,1
93.08580017,0.21,81.5499,2.3348,0.5015,0.1002,1
91.48829651,0.2034,81.7622,2.288,0.473,0.1236,1
86.85910034,0.1977,81.8863,2.2514,0.3903,0.152,1
83.50009918,0.1935,81.7847,2.2507,0.3304,0.1621,1
87.48829651,0.1955,81.4655,2.2915,0.4016,0.133,1
97.73349762,0.2071,80.9147,2.3568,0.5845,0.0764,0
107.641098,0.2221,80.1282,2.4086,0.7614,0.0001,0
114.5477982,0.2305,79.184,2.4137,0.8848,0.0001,0
118.8382034,0.2318,78.2851,2.399,0.9614,0.0001,0
120.3122025,0.2296,77.7534,2.412,0.9877,0.0001,0
120.403801,0.2231,77.8154,2.4559,0.9894,0.0001,0
121.5569,0.215,78.2901,2.478,1,0.0001,0
119.3392029,0.2122,78.8257,2.438,0.9703,0.0001,0
108.5800018,0.2118,79.3724,2.3719,0.7782,0.0001,0
95.08860016,0.2046,80.0423,2.319,0.5373,0.1015,2
86.90579987,0.1885,81.0228,2.2907,0.1387,0.1824,2
83.0266037,0.1724,81.8029,2.2842,0.0772,0.1923,2
81.10160065,0.1658,81.7457,2.2929,0.0677,0.1887,2
83.30249786,0.1665,81.0696,2.3098,0.0935,0.1773,2
88.06639862,0.1667,80.2716,2.3297,0.1219,0.164,2
90.16719818,0.1687,79.7715,2.3478,0.1536,0.1513,2
88.48590088,0.1788,79.6566,2.358,0.2007,0.1406,2
86.31469727,0.1914,79.8261,2.354,0.2362,0.1387,2
85.40750122,0.1957,80.127,2.3356,0.2247,0.1499,2
85.05249786,0.1934,80.2989,2.3242,0.2013,0.1582,2
83.70760345,0.1833,80.6081,2.3052,0.1419,0.1743,2
81.33339691,0.1743,80.7796,2.296,0.0998,0.1835,2
78.18609619,0.1741,80.8046,2.2952,0.098,0.1841,2
74.31590271,0.1813,81.0708,2.2965,0.1233,0.1807,2
71.15000153,0.1873,81.3814,2.2937,0.139,0.1804,2
70.53479767,0.1878,81.7782,2.288,0.1327,0.184,2
71.4489975,0.1827,81.7655,2.2846,0.1113,0.1881,2
72.46820068,0.1772,80.942,2.2922,0.104,0.185,2
74.18370056,0.1745,79.9789,2.3156,0.1277,0.1704,2
77.05840302,0.1734,79.1062,2.3422,0.1611,0.1532,2
80.88659668,0.1734,78.5473,2.3482,0.1694,0.1492,2
83.46070099,0.1758,78.1843,2.3326,0.1556,0.1587,2
81.94450378,0.1785,78.2239,2.3181,0.1442,0.1673,2
78.05760193,0.1794,78.4855,2.311,0.1373,0.1717,2
76.7743988,0.1784,78.9408,2.2971,0.1147,0.1813,2
78.6147995,0.1733,78.9283,2.2761,0.0688,0.197,2
80.90550232,0.1687,78.8666,2.2664,0.0403,0.205,2
83.04640198,0.1701,79.0737,2.2736,0.0549,0.1997,2
84.52279663,0.1738,79.504,2.2852,0.0831,0.1907,2
83.771698,0.1736,80.0284,2.291,0.0905,0.1869,2
81.82450104,0.1722,80.551,2.2904,0.0851,0.1878,2
84.2390976,0.1742,81.1287,2.2823,0.0804,0.1925,2
91.15029907,0.1766,81.831,2.2646,0.0636,0.2033,2
96.49770355,0.1769,82.5937,2.2426,0.034,0.2176,2
97.92819977,0.1791,83.2332,2.2262,0.0184,0.2274,2
98.28669739,0.1845,83.6612,2.2198,0.0271,0.2297,2
98.75479889,0.1885,84.0504,2.2266,0.0496,0.2239,2
98.84809875,0.1881,83.725,2.2526,0.0844,0.2073,2
98.50250244,0.1871,82.8046,2.2935,0.138,0.1806,2
97.90699768,0.1901,81.8675,2.3237,0.1898,0.1596,2
97.94599915,0.1951,81.275,2.3168,0.1965,0.1626,2
98.14369965,0.1955,81.2307,2.3019,0.1771,0.1724,2
98.31900024,0.1924,81.3621,2.2669,0.1183,0.1968,2
98.42189789,0.1904,81.9206,2.2435,0.0793,0.2127,2
99.15480042,0.1928,82.764,2.2357,0.0762,0.217,2
99.02619934,0.1932,83.7015,2.2359,0.0778,0.2167,2
97.26650238,0.1914,84.441,2.2389,0.0761,0.2154,2
95.83499908,0.1917,84.5083,2.2454,0.0861,0.211,2
95.69539642,0.1966,83.7215,2.2589,0.1209,0.2007,2
95.44020081,0.201,82.4524,2.28,0.1646,0.1852,2
95.08239746,0.1985,81.2006,2.3059,0.1925,0.1689,2
95.75710297,0.1927,80.4138,2.3319,0.2097,0.1536,2
96.56719971,0.1923,80.2958,2.3507,0.2346,0.1409,2
95.80419922,0.1973,80.5761,2.3559,0.2581,0.1356,2
93.50720215,0.2011,80.9191,2.3443,0.2544,0.1423,2
90.88619995,0.2018,81.1504,2.3249,0.2297,0.1554,2
91.3035965,0.2007,81.323,2.3161,0.2138,0.1617,2
95.98709869,0.2024,81.524,2.3293,0.2377,0.1523,2
101.3226013,0.2065,81.6953,2.3538,0.2852,0.1338,2
103.9227982,0.2069,81.8073,2.3678,0.306,0.124,2
102.1026001,0.204,81.9077,2.3664,0.2946,0.126,2
94.63249969,0.2036,82.1106,2.3616,0.2866,0.1295,2
85.23799896,0.2078,82.5075,2.3604,0.2986,0.1288,2
80.32510376,0.212,82.9603,2.3605,0.3124,0.1272,2
80.76229858,0.2104,82.9954,2.3541,0.2983,0.1323,2
83.68659973,0.2072,82.1402,2.3367,0.2637,0.1455,2
86.29769897,0.2119,80.4971,2.3231,0.2601,0.1532,2
87.19249725,0.2236,78.6897,2.3376,0.3184,0.1388,2
88.3065033,0.2321,77.4005,2.3815,0.4199,0.1021,2
93.49330139,0.2313,77.1955,2.4309,0.5151,0.0617,0
103.0290985,0.2284,77.9502,2.4523,0.5474,0.0456,0
110.789299,0.2326,79.1726,2.4531,0.5637,0.0436,0
111.6016998,0.2363,79.8717,2.4518,0.574,0.0432,0
106.7519989,0.2373,81.7276,2.451,0.576,0.0435,0
99.52839661,0.2278,82.9503,2.4538,0.5483,0.0452,0
97.41739655,0.2183,83.4246,2.4593,0.5259,0.0451,0
102.6951981,0.219,83.53,2.4614,0.5325,0.0423,0
109.8024979,0.2315,83.5126,2.4545,0.5626,0.0432,0
109.8884964,0.2441,83.6786,2.4447,0.5873,0.0462,0
102.5317001,0.2424,84.0323,2.4395,0.571,0.051,0
96.54620361,0.2371,84.3168,2.4396,0.5526,0.0528,0
97.15679932,0.2352,84.5268,2.4424,0.5516,0.0513,0
102.4152985,0.2332,84.3246,2.4472,0.5541,0.0484,0
107.4627991,0.233,83.5759,2.4525,0.5639,0.0442,0
108.2406006,0.2375,82.4851,2.4572,0.589,0.0383,0
106.8134003,0.2346,81.3199,2.463,0.5903,0.0344,0
106.9541016,0.224,80.6223,2.4697,0.5665,0.0329,0
107.8527985,0.2253,80.6375,2.4739,0.5794,0.0287,0
107.7297974,0.2372,80.9783,2.4745,0.6222,0.0233,0
108.3143005,0.2402,81.5111,2.474,0.6317,0.0225,0
109.9845963,0.2325,81.9254,2.4743,0.6054,0.0254,0
111.3989029,0.2299,81.8138,2.4759,0.5995,0.025,0
112.847702,0.2298,81.6452,2.4789,0.6051,0.0224,0
114.8237,0.2255,81.4321,2.4805,0.5932,0.0228,0
115.1605988,0.2243,80.9539,2.478,0.584,0.0255,0
114.5613022,0.2302,80.1741,2.4736,0.5959,0.0269,0
117.5903015,0.2357,79.3342,2.4726,0.6132,0.0256,0
122.2312012,0.2361,78.9583,2.477,0.6233,0.0215,0
123.7076035,0.2465,79.0519,2.4836,0.6728,0.012,0
123.061203,0.2676,79.2692,2.4872,0.7538,0.001,0
122.1825027,0.2793,79.496,2.4884,0.7972,0.0001,0
119.5207977,0.2728,79.561,2.491,0.7796,0.0001,0
115.989502,0.2626,79.5572,2.4948,0.7514,0.0001,0
114.5516968,0.2588,79.6806,2.4974,0.7433,0.0001,0
115.0898972,0.2601,79.8042,2.4984,0.7498,0.0001,0
118.3161011,0.2635,80.2108,2.5016,0.7681,0.0001,0
122.0287018,0.2612,80.8118,2.5077,0.7721,0.0001,0
123.4751968,0.258,81.4623,2.5152,0.7758,0.0001,0
122.4906006,0.261,82.131,2.5195,0.7948,0.0001,0
120.1623001,0.2703,82.616,2.518,0.8244,0.0001,0
119.0134964,0.2876,82.803,2.5108,0.8707,0.0001,0
121.4028015,0.3045,82.7697,2.4991,0.9066,0.0001,0
124.7771988,0.3056,82.6653,2.4884,0.8892,0.0001,0
126.1877975,0.3035,82.7635,2.4844,0.874,0.0001,0
126.3076019,0.311,83.1744,2.4852,0.9018,0.0001,0
126.792099,0.3103,83.7787,2.4872,0.9033,0.0001,0
127.3310013,0.2969,84.4882,2.4914,0.8647,0.0001,0
126.9229965,0.2901,85.1678,2.4981,0.8542,0.0001,0
124.3491974,0.2981,85.6765,2.5055,0.8969,0.0001,0
120.4055023,0.3043,85.9874,2.5098,0.9271,0.0001,0
117.1949997,0.2945,86.1121,2.5052,0.8837,0.0001,0
115.4250031,0.2841,86.1032,2.4926,0.8223,0.0001,0
115.3890991,0.2875,85.9829,2.4822,0.8136,0.0001,0
116.1893997,0.2957,85.8174,2.4804,0.8387,0.0001,0
116.8134003,0.2984,85.6283,2.4851,0.8575,0.0001,0
116.8683014,0.3015,85.4895,2.4905,0.8791,0.0001,0
115.5845032,0.306,85.5395,2.4885,0.8908,0.0001,0
113.8902969,0.3076,85.8955,2.4773,0.8742,0.0001,0
114.7061005,0.3111,86.5875,2.4657,0.8635,0.0031,0
117.5671005,0.3222,87.4719,2.4614,0.8938,0.0019,0
117.651001,0.3374,88.4871,2.46,0.9442,0.0001,0
114.7247009,0.351,89.671,2.4554,0.9827,0.0001,0
113.1271973,0.3731,90.7971,2.4501,1,0.0001,0
114.6666031,0.3974,91.1673,2.4489,1,0.0001,0
117.2050018,0.3918,89.8855,2.4527,1,0.0001,0
118.4833984,0.3646,87.2494,2.4594,1,0.0001,0
118.569397,0.3568,85.7729,2.4622,1,0.0001,0
117.6857986,0.3568,83.8664,2.4647,1,0.0001,0
116.5942993,0.3611,83.1581,2.4642,1,0.0001,0
116.8733978,0.3599,83.8201,2.4648,1,0.0001,0
118.5063019,0.3583,84.8723,2.4635,1,0.0001,0
121.0477982,0.3534,85.1405,2.4537,0.9877,0.0001,0
123.2518997,0.3436,84.4912,2.4403,0.9268,0.0007,0
123.1996994,0.3272,83.5009,2.4339,0.8567,0.0047,1
118.6481018,0.2967,82.3011,2.4338,0.7498,0.0351,1
109.7105026,0.264,81.1482,2.4312,0.6302,0.0503,1
99.83059692,0.2423,79.9185,2.4184,0.5288,0.0684,1
93.80380249,0.2273,78.7499,2.3905,0.4209,0.0972,1
92.4681015,0.2147,78.2859,2.353,0.3025,0.1338,1
92.68669891,0.2083,78.3885,2.3224,0.2193,0.1624,1
92.3125,0.2098,78.6317,2.3071,0.1942,0.1744,1
90.89070129,0.207,78.9507,2.304,0.1783,0.1781,1
87.45870209,0.192,79.1701,2.3129,0.1434,0.177,1
82.73930359,0.1742,79.3636,2.337,0.1289,0.1645,1
80.55069733,0.1664,79.3217,2.3684,0.1639,0.1414,1
84.22799683,0.1739,79.0103,2.3949,0.2427,0.1154,0
91.69989777,0.1931,78.4004,2.4184,0.3566,0.0878,0
98.07720184,0.2103,77.6746,2.4396,0.4588,0.0633,0
100.302803,0.2157,77.1518,2.4414,0.4813,0.0596,0
99.58049774,0.2166,76.3972,2.4158,0.4337,0.0802,0
97.40589905,0.2158,76.006,2.3819,0.3636,0.1087,0
94.32879639,0.2071,76.147,2.3549,0.2796,0.1353,1
91.45899963,0.1905,76.9421,2.3376,0.1872,0.1572,1
89.6713028,0.1755,77.5107,2.3262,0.1121,0.1728,1
87.89720154,0.166,76.6145,2.3203,0.0671,0.1816,1
85.65380096,0.1596,74.9301,2.3233,0.0507,0.1818,1
82.81459808,0.1592,74.9774,2.334,0.0705,0.1732,2
79.35350037,0.1695,76.7221,2.3345,0.1075,0.1685,2
77.75330353,0.1779,77.545,2.3254,0.1189,0.1725,2
76.60769653,0.1979,78.5122,2.2951,0.1288,0.1892,2
80.77210236,0.2209,78.405,2.2785,0.1764,0.1933,2
91.10109711,0.2445,77.7549,2.3048,0.3112,0.1618,2
103.6430969,0.2628,77.0853,2.3741,0.5127,0.0955,0
111.9789963,0.284,76.9222,2.4506,0.7386,0.0254,0
116.3173981,0.3165,77.3917,2.4919,0.9343,0.0001,0
119.9309006,0.3341,78.2113,2.4995,1,0.0001,0
122.1668015,0.3201,78.854,2.4977,0.9584,0.0001,0
121.4914017,0.2964,78.9972,2.4973,0.8747,0.0001,0
119.6764984,0.2787,78.8445,2.4957,0.8096,0.0001,0
119.4048004,0.2687,78.5355,2.4927,0.7686,0.0001,0
120.6458969,0.2617,78.0259,2.491,0.7407,0.0001,0
120.969101,0.25,77.5121,2.4907,0.6992,0.0047,0
119.4716034,0.2365,77.3004,2.489,0.6485,0.0113,0
118.370903,0.226,77.4912,2.4839,0.6017,0.0196,0
116.9775009,0.218,77.8503,2.4762,0.5584,0.0297,0
113.1039963,0.2121,78.1706,2.4692,0.5239,0.0384,0
108.591301,0.2151,78.7306,2.469,0.534,0.0373,0
107.0031967,0.2292,79.9336,2.4761,0.5974,0.0251,0
109.7884979,0.2473,81.7763,2.4837,0.6758,0.0116,0
116.0082016,0.2639,83.8183,2.4855,0.7375,0.0038,0
121.805603,0.2882,85.6787,2.4825,0.8166,0.0001,0
124.0739975,0.3284,87.1289,2.4793,0.951,0.0001,0
123.4024963,0.3692,87.9739,2.4761,1,0.0001,0
121.2741013,0.3836,88.1639,2.4717,1,0.0001,0
117.7182999,0.3571,87.5917,2.4723,1,0.0001,0
114.1787033,0.3179,86.2141,2.4841,0.9238,0.0001,0
111.641098,0.2903,84.3211,2.4997,0.8581,0.0001,0
109.6144028,0.2688,82.5118,2.5053,0.7939,0.0001,0
107.5632019,0.2472,81.2141,2.499,0.7058,0.0001,0
106.6065979,0.2385,80.6994,2.4943,0.6661,0.0061,0
105.688797,0.2315,80.048,2.4876,0.6283,0.0144,0
106.6156998,0.2353,79.7869,2.4878,0.642,0.0127,0
108.4787979,0.2403,79.6634,2.4935,0.6708,0.0061,0
109.7951965,0.2431,79.7111,2.4988,0.6911,0.0006,0
110.6844025,0.25,79.553,2.4983,0.7142,0.0001,0
113.2247009,0.2639,79.5199,2.4954,0.7572,0.0001,0
117.8030014,0.2776,79.7148,2.4983,0.8109,0.0001,0
121.5403976,0.2829,80.1936,2.508,0.8487,0.0001,0
121.7577972,0.2789,80.6707,2.515,0.8485,0.0001,0
120.0795975,0.2695,80.9728,2.5063,0.7984,0.0001,0
117.2462997,0.2629,81.088,2.4764,0.716,0.0118,0
110.4803009,0.2593,81.2717,2.4339,0.6191,0.0488,0
101.4599991,0.2472,81.41,2.3948,0.4991,0.0853,0
96.15149689,0.2313,81.5263,2.3696,0.3935,0.1129,0
95.5039978,0.223,81.5571,2.3604,0.3462,0.1241,0
95.25640106,0.2205,81.4543,2.3635,0.3436,0.1225,2
95.08450317,0.2203,81.2058,2.3698,0.3554,0.1174,2
97.31880188,0.2265,81.0369,2.3741,0.3856,0.1112,2
101.1219025,0.2362,80.6707,2.3841,0.4394,0.0988,2
104.7754974,0.2435,79.8979,2.4063,0.509,0.0774,2
107.9377975,0.2471,78.7207,2.4291,0.5668,0.0574,2
110.7408981,0.2482,77.5484,2.443,0.5982,0.046,0
113.7891006,0.2514,77.7711,2.449,0.6214,0.0398,0
115.8108978,0.2544,78.392,2.4388,0.6116,0.0469,0
113.9744034,0.2462,79.3176,2.4056,0.5171,0.0769,0
108.4905014,0.2317,80.165,2.3595,0.3749,0.1213,0
100.4039993,0.223,80.5537,2.3129,0.252,0.1642,1
89.30999756,0.2167,81.5879,2.2746,0.1539,0.1983,1
78.30680084,0.2094,82.7679,2.2503,0.0802,0.221,1
72.30940247,0.2062,83.8367,2.2411,0.0507,0.2298,1
71.35050201,0.2086,83.9808,2.2498,0.0764,0.2217,1
72.11660004,0.2096,83.5846,2.2634,0.1069,0.2103,2
75.20970154,0.2066,82.4841,2.3086,0.186,0.1745,2
79.31169891,0.1976,81.0328,2.3567,0.2499,0.1381,2
81.94210052,0.1872,79.6336,2.38,0.2597,0.1229,2
81.61979675,0.179,78.6293,2.378,0.2271,0.1281,2
80.13490295,0.1769,78.3115,2.366,0.1959,0.1391,2
81.70269775,0.1859,78.668,2.3572,0.21,0.1428,2
88.23239899,0.2067,79.391,2.3676,0.3034,0.125,2
97.14160156,0.2298,79.9369,2.3984,0.4454,0.0896,0
104.0344009,0.2439,80.0506,2.4313,0.56,0.0572,0
107.0779037,0.2453,79.7621,2.4494,0.6008,0.042,0
107.995697,0.2356,79.4494,2.4594,0.5867,0.0373,0
109.918602,0.2268,79.575,2.4725,0.5819,0.0293,0
114.091301,0.2341,80.0365,2.4878,0.6378,0.0132,0
118.2405014,0.2539,80.5412,2.4978,0.7269,0.0001,0
120.2547989,0.2683,80.7631,2.4968,0.7753,0.0001,0
121.2097015,0.2774,80.7563,2.4889,0.7915,0.0001,0
122.3481979,0.2904,80.8707,2.4846,0.8285,0.0001,0
122.4859009,0.3006,81.0924,2.4894,0.8737,0.0001,0
120.5212021,0.2973,81.1248,2.4977,0.8786,0.0001,0
117.4593964,0.2885,80.9035,2.5033,0.8589,0.0001,0
115.745697,0.2812,80.6125,2.5066,0.8399,0.0001,0
116.5029984,0.2729,80.5003,2.5078,0.8133,0.0001,0
118.4745026,0.2636,80.7447,2.5048,0.7747,0.0001,0
118.6744995,0.2644,81.2334,2.4958,0.7597,0.0001,0
115.3119965,0.2788,81.9073,2.4832,0.7851,0.0003,0
112.2725983,0.296,82.8338,2.4705,0.8201,0.0045,0
114.2987976,0.3044,84.1533,2.4601,0.8289,0.0087,0
118.3990021,0.3155,85.8588,2.4521,0.8519,0.0053,0
118.9356995,0.344,87.6206,2.4486,0.9447,0.0004,0
116.3067017,0.3653,89.1186,2.4531,1,0.0001,0
114.8867035,0.353,90.2887,2.4626,1,0.0001,0
115.2397995,0.3432,90.8125,2.4671,0.9786,0.0001,0
116.2494965,0.3365,92.2836,2.4744,0.9696,0.0001,0
115.4970016,0.3367,93.7652,2.4816,0.9846,0.0001,0
114.572197,0.3275,94.4638,2.4867,0.9625,0.0001,0
116.1817017,0.3171,94.3768,2.4857,0.9241,0.0001,0
118.4599991,0.3011,92.6091,2.4823,0.8614,0.0001,0
118.4380035,0.2638,88.7628,2.4897,0.7455,0.0004,0
114.3611984,0.2238,84.3621,2.5191,0.6638,0.0001,0
104.7996979,0.2008,80.4481,2.5536,0.6517,0.0001,0
93.50669861,0.1958,77.8111,2.5475,0.6221,0.0001,0
87.74900055,0.2024,76.6334,2.4953,0.5417,0.0192,0
88.73259735,0.2079,76.6488,2.4433,0.4578,0.0617,0
90.01570129,0.2028,77.4541,2.4187,0.3911,0.0838,2
87.59960175,0.1957,78.1083,2.4148,0.3585,0.09,2
84.38089752,0.1948,78.5974,2.4152,0.3562,0.09,2
84.40329742,0.1936,78.9195,2.4133,0.3482,0.092,2
88.35009766,0.1898,79.2297,2.4159,0.3401,0.0915,2
92.72940063,0.1914,79.5729,2.4253,0.3643,0.083,2
94.69999695,0.1989,79.6489,2.431,0.4019,0.0753,2
95.66699982,0.2075,79.7631,2.4263,0.4226,0.0757,2
96.89189911,0.2122,79.8947,2.4187,0.424,0.08,2
96.95729828,0.209,80.1886,2.413,0.4015,0.086,2
95.90830231,0.2025,80.5681,2.4023,0.3575,0.0976,2
95.98259735,0.2026,81.1134,2.3809,0.3154,0.1153,2
95.87719727,0.2105,81.6775,2.3557,0.2931,0.1332,2
92.93309784,0.2191,82.2403,2.342,0.296,0.1413,2
89.10810089,0.2238,82.6932,2.3503,0.3289,0.132,2
88.80460358,0.2242,82.7116,2.3749,0.3791,0.1112,2
91.81099701,0.2278,81.9339,2.4024,0.4463,0.0868,2
95.09320068,0.2353,80.487,2.4296,0.5265,0.0615,2
97.90940094,0.2357,79.176,2.4587,0.5856,0.0377,2
101.0631027,0.2257,78.1372,2.4803,0.5935,0.0228,2
103.0165024,0.2215,77.9585,2.4843,0.5867,0.021,0
106.6187973,0.2209,77.6393,2.4805,0.5771,0.0246,0
108.0208969,0.2302,77.7471,2.4716,0.592,0.0287,0
107.6125031,0.2414,78.3082,2.4656,0.6193,0.0294,0
107.0822983,0.2488,79.1811,2.4625,0.639,0.0291,0
105.903801,0.2528,80.1572,2.4537,0.6356,0.0352,0
102.8738022,0.2506,80.7673,2.4231,0.5672,0.0607,0
98.57689667,0.24,80.9235,2.3742,0.4331,0.1053,2
93.62830353,0.2331,81.3295,2.334,0.3292,0.1422,2
89.22509766,0.2324,82.3142,2.3174,0.2938,0.1565,2
86.84829712,0.2303,83.4896,2.3181,0.2878,0.1568,2
87.69219971,0.2311,84.1247,2.3315,0.3172,0.1452,2
93.22859955,0.2395,84.0696,2.364,0.4111,0.114,2
102.4210968,0.2519,83.7457,2.418,0.5616,0.0643,2
111.2304001,0.2706,83.1895,2.4747,0.7395,0.0103,2
116.6743011,0.2937,82.4224,2.502,0.8746,0.0001,2
119.2544022,0.2888,80.9045,2.4998,0.853,0.0001,0
119.6621017,0.2452,79.2641,2.493,0.6869,0.0046,0
117.3151016,0.2018,77.832,2.4978,0.5445,0.0173,0
111.9941025,0.1756,76.0894,2.515,0.4869,0.0132,0
101.8094025,0.1637,74.2361,2.5319,0.4788,0.0036,0
87.5109024,0.1665,73.4679,2.5254,0.4757,0.008,0
75.96479797,0.1824,74.6481,2.48,0.4413,0.0412,2
72.23719788,0.1958,77.5594,2.4107,0.3507,0.0932,2
72.67369843,0.196,81.0819,2.3475,0.2261,0.1466,2
73.20700073,0.1947,83.5282,2.3105,0.1481,0.1778,2
74.41040039,0.2036,84.4436,2.3018,0.162,0.1813,2
77.41790009,0.2212,84.0808,2.3121,0.2441,0.1656,2
81.16790009,0.235,83.308,2.3319,0.3317,0.1432,2
83.33640289,0.2386,82.7434,2.3491,0.3784,0.1271,2
83.24359894,0.2377,82.5375,2.3455,0.3681,0.1305,1
82.84349823,0.2364,82.5739,2.3348,0.3423,0.1401,1
82.24810028,0.2306,82.5789,2.3121,0.277,0.1617,1
81.64830017,0.2224,82.6622,2.3074,0.2389,0.1689,1
80.29620361,0.2236,82.7039,2.3254,0.2789,0.1537,1
79.54640198,0.2387,82.48,2.3593,0.399,0.1185,1
83.19439697,0.2591,81.7808,2.404,0.559,0.073,0
92.94249725,0.2707,81.2851,2.4496,0.6901,0.0316,0
104.2520981,0.2783,81.4205,2.4811,0.7792,0.0022,0
111.3751984,0.296,82.2736,2.4951,0.8689,0.0001,0
114.4499969,0.3211,83.8122,2.5003,0.9671,0.0001,0
116.6190033,0.3393,85.35,2.5037,1,0.0001,0
118.1678009,0.3489,86.9308,2.5078,1,0.0001,0
118.257103,0.3588,88.7266,2.5129,1,0.0001,0
117.6996002,0.3647,90.3314,2.5168,1,0.0001,0
117.5485001,0.3632,91.5788,2.5163,1,0.0001,0
118.0903015,0.3562,92.0423,2.5099,1,0.0001,0
118.4747009,0.3445,92.277,2.5011,1,0.0001,0
117.1949997,0.3353,92.768,2.4956,1,0.0001,0
114.3953018,0.3505,93.006,2.4934,1,0.0001,0
112.9313965,0.3852,91.0873,2.4922,1,0.0001,0
114.5214996,0.3776,88.2386,2.4937,1,0.0001,0
118.0382004,0.3062,85.4926,2.4965,0.9074,0.0001,0
119.5457993,0.2425,83.4118,2.4929,0.6773,0.0057,0
113.5590973,0.2105,81.9684,2.4787,0.5371,0.0306,0
103.7652969,0.1984,80.875,2.4583,0.4543,0.0539,0
100.2516022,0.195,80.0177,2.4408,0.4077,0.069,0
104.012001,0.1955,79.0952,2.4389,0.4056,0.0701,1
105.9723969,0.1957,78.3693,2.4572,0.4426,0.0552,1
101.9219971,0.1933,78.2827,2.4794,0.4783,0.0371,1
96.06680298,0.192,78.044,2.4776,0.4702,0.0393,1
93.59120178,0.1974,77.8525,2.4482,0.4307,0.0618,1
95.03289795,0.2101,77.9356,2.4161,0.4115,0.0828,1
96.22070313,0.217,78.0737,2.4063,0.4162,0.0882,1
98.20700073,0.2253,78.1457,2.3957,0.4243,0.0935,1
98.43560028,0.2218,78.3417,2.3772,0.3753,0.1103,1
95.42579651,0.2192,79.1973,2.347,0.3063,0.1369,1
90.6638031,0.2293,80.9492,2.3264,0.3008,0.1504,1
88.48809814,0.2441,82.5666,2.3216,0.3431,0.1481,1
90.501297,0.2437,83.2289,2.3172,0.333,0.152,1
95.13950348,0.2293,83.2468,2.3128,0.2738,0.1616,1
100.2497025,0.219,82.5801,2.3273,0.2665,0.1539,1
104.9115982,0.2209,81.4936,2.3708,0.3595,0.1162,1
107.8509979,0.233,79.9521,2.4292,0.5177,0.0631,0
108.2537994,0.2416,78.301,2.4731,0.6349,0.0227,0
107.2600021,0.2357,77.2284,2.4896,0.6469,0.0111,0
107.4916992,0.2232,77.1308,2.4868,0.5976,0.0182,0
108.1212997,0.2175,77.6056,2.4675,0.5394,0.0376,0
105.3088989,0.223,78.8822,2.4332,0.4906,0.0639,0
98.48889923,0.2337,80.4755,2.39,0.4424,0.095,1
91.56140137,0.2398,81.5456,2.3567,0.3977,0.12,1
89.15480042,0.2391,82.1571,2.3549,0.3916,0.1218,1
91.68569946,0.2343,81.954,2.3829,0.4304,0.1006,1
97.0963974,0.2167,80.8978,2.409,0.4205,0.0863,1
100.2789001,0.1893,79.3281,2.4111,0.3288,0.0959,1
97.72219849,0.1704,77.5071,2.4162,0.2727,0.0996,1
92.25350189,0.1676,75.6953,2.4517,0.3334,0.0713,0
89.42649841,0.1764,73.8995,2.5046,0.4691,0.0217,0
91.78269958,0.1932,72.8956,2.5367,0.5916,0.0001,0
98.0719986,0.2149,73.2961,2.5336,0.6614,0.0001,0
104.4490967,0.2359,74.7476,2.5187,0.7054,0.0001,0
109.4813995,0.2498,76.8875,2.5082,0.7332,0.0001,0
115.6287003,0.2606,78.838,2.5035,0.7617,0.0001,0
122.7490997,0.2695,80.1625,2.5008,0.7875,0.0001,0
127.2759018,0.2746,80.955,2.4996,0.8029,0.0001,0
127.964798,0.2761,81.2989,2.4989,0.8068,0.0001,0
126.7895966,0.2823,81.6282,2.4978,0.8263,0.0001,0
124.0766983,0.2932,82.1384,2.5,0.8688,0.0001,0
121.1632996,0.2994,82.4239,2.5064,0.9032,0.0001,0
118.0320969,0.3027,83.0604,2.5143,0.9305,0.0001,0
115.7360001,0.3072,82.728,2.5207,0.9589,0.0001,0
115.235199,0.3093,81.9929,2.5208,0.9665,0.0001,0
115.1067963,0.3112,81.8627,2.5141,0.9598,0.0001,0
113.6507034,0.3214,82.3232,2.5103,0.988,0.0001,0
110.9725037,0.3331,83.3531,2.5162,1,0.0001,0
108.9681015,0.3322,84.0752,2.5294,1,0.0001,0
110.1715012,0.3213,85.0362,2.5418,1,0.0001,0
113.0679016,0.3165,86.0582,2.5398,1,0.0001,0
113.6315994,0.3185,86.82,2.5199,0.9969,0.0001,0
112.169899,0.3147,87.2564,2.4978,0.9397,0.0001,0
111.1688004,0.3067,87.4716,2.4856,0.8875,0.0001,0
111.0587006,0.3021,87.8422,2.4808,0.8619,0.0001,0
110.8503036,0.3035,88.1793,2.4784,0.8621,0.0001,0
109.6436005,0.3162,87.7633,2.4775,0.9047,0.0001,0
107.270401,0.3367,87.3293,2.4768,0.9751,0.0001,0
104.194603,0.3473,87.2163,2.4768,1,0.0001,0
101.1942978,0.3387,87.5808,2.4798,0.9881,0.0001,0
99.0460968,0.3228,87.9243,2.4889,0.9504,0.0001,0
98.66020203,0.3134,88.4038,2.506,0.9515,0.0001,0
100.7870026,0.3148,88.6103,2.5231,0.9903,0.0001,0
105.360199,0.3142,88.6914,2.5227,0.9874,0.0001,0
110.0093994,0.31,88.4319,2.5061,0.9398,0.0001,0
112.2310028,0.3127,88.0756,2.4938,0.9248,0.0001,0
112.9966965,0.3206,87.5517,2.4916,0.9481,0.0001,0
114.0329971,0.3303,87.2315,2.491,0.9809,0.0001,0
115.0988998,0.3404,87.3898,2.4904,1,0.0001,0
116.3368988,0.3487,87.5723,2.4926,1,0.0001,0
117.2092972,0.3512,87.9014,2.4942,1,0.0001,0
118.4396973,0.3543,88.4713,2.4959,1,0.0001,0
117.2606964,0.3523,89.0471,2.496,1,0.0001,0
114.1794968,0.3428,89.5484,2.4956,1,0.0001,0
111.033699,0.3335,89.7448,2.4946,0.9992,0.0001,0
108.7016983,0.3277,89.6964,2.4934,0.9765,0.0001,0
106.5098038,0.3256,89.3569,2.4926,0.9676,0.0001,0
103.5743027,0.3228,88.9495,2.4906,0.9538,0.0001,0
101.0258026,0.3157,88.6784,2.4855,0.9188,0.0001,0
100.2036972,0.3082,88.5759,2.479,0.8797,0.0001,0
100.2434006,0.3069,88.7781,2.4749,0.7748,0.0136,0
99.36419678,0.31,88.9781,2.4752,0.785,0.0122,0
98.10230255,0.3085,88.8814,2.4776,0.7846,0.0109,0
97.90470123,0.2997,88.5503,2.4798,0.761,0.0123,0
98.86830139,0.2925,88.241,2.4806,0.7399,0.0142,0
99.27140045,0.2874,88.2853,2.4768,0.7172,0.019,0
99.26830292,0.2804,88.5902,2.471,0.685,0.0263,0
100.1259995,0.2737,88.7313,2.4713,0.6646,0.0284,0
100.5962982,0.2701,88.6578,2.4774,0.6641,0.0247,0
99.69210052,0.2719,88.593,2.4798,0.674,0.0221,0
97.71559906,0.2844,88.7019,2.4745,0.7037,0.022,0
94.31210327,0.2967,88.9281,2.4648,0.725,0.0254,0
90.15380096,0.2923,89.0505,2.4555,0.6947,0.0346,0
87.79620361,0.2773,89.0949,2.4494,0.637,0.0449,0
87.73560333,0.2653,89.0981,2.447,0.5952,0.0511,0
87.44799805,0.2557,88.9972,2.4489,0.5685,0.053,0
86.21330261,0.2556,88.7242,2.4569,0.5824,0.0465,0
86.67050171,0.2688,88.2894,2.4703,0.6475,0.031,0
88.853302,0.2803,87.7097,2.4819,0.704,0.0175,0
90.41750336,0.2795,87.0107,2.4822,0.702,0.0175,0
91.9701004,0.2791,86.2248,2.4719,0.6825,0.026,0
93.58570099,0.2828,85.8007,2.4668,0.685,0.0288,0
97.69280243,0.2941,85.7762,2.4638,0.7151,0.0272,0
99.95330048,0.2976,85.9302,2.4678,0.7331,0.0226,0
100.0052032,0.2872,86.4724,2.4717,0.7075,0.0232,0
99.51699829,0.2707,86.5301,2.4766,0.6646,0.0251,0
98.396698,0.2676,86.4886,2.4871,0.6735,0.0177,0
96.48210144,0.2895,86.5366,2.5019,0.7682,0.0001,0
95.60590363,0.3211,86.7714,2.5144,0.8892,0.0001,0
96.92900085,0.3269,87.1189,2.5164,0.9109,0.0001,0
99.70529938,0.3197,87.4993,2.5046,0.8675,0.0001,0
102.0922012,0.322,87.9989,2.4868,0.8431,0.0001,0
102.7601013,0.3162,88.4477,2.4726,0.7998,0.012,0
102.7799988,0.3052,89.0032,2.4655,0.7528,0.0217,0
103.1054993,0.3099,89.389,2.464,0.7649,0.0212,0
102.7415009,0.3205,89.7954,2.4669,0.8032,0.0147,0
100.9760971,0.3222,89.945,2.4736,0.8204,0.009,0
98.45050049,0.3187,89.7535,2.4834,0.8268,0.0025,0
96.33149719,0.3085,89.1075,2.4928,0.8115,0.0001,0
96.06079865,0.2983,88.8595,2.495,0.7835,0.0006,0
97.08129883,0.2977,88.6699,2.4856,0.765,0.0084,0
96.79720306,0.2923,88.6727,2.4724,0.7247,0.0208,0
94.60959625,0.2796,88.3638,2.4663,0.6742,0.0304,0
91.99089813,0.2729,88.3622,2.4675,0.6553,0.0318,0
90.41929626,0.2758,88.4715,2.4695,0.6679,0.0291,0
90.00360107,0.2864,88.4273,2.4717,0.705,0.0235,0
90.75530243,0.3036,88.3049,2.4756,0.7657,0.0142,0
91.834198,0.32,88.1277,2.4783,0.8218,0.0061,0
92.47239685,0.3318,88.1217,2.4774,0.8571,0.0024,0
93.77899933,0.3372,88.3376,2.4753,0.8703,0.002,0
97.36849976,0.3272,88.6367,2.4755,0.8394,0.0056,0
101.5587997,0.3084,88.7843,2.4847,0.7969,0.0052,0
103.0954971,0.2976,88.7899,2.5214,0.8281,0.0001,0
102.625,0.2985,88.8126,2.555,0.8905,0.0001,0
100.2416,0.3124,88.8142,2.6349,1,0.0001,0
98.32740021,0.3351,88.7487,2.6599,1,0.0001,0
99.03700256,0.3544,88.4249,2.5937,1,0.0001,0
101.5702972,0.3636,87.8018,2.5133,1,0.0001,0
102.9921036,0.3646,87.2415,2.4765,0.9581,0.0001,0
102.7205963,0.3516,87.5402,2.4695,0.9051,0.0011,0
103.2591019,0.3361,88.4991,2.451,0.8238,0.0097,0
104.2748032,0.3322,88.9337,2.3979,0.7174,0.0602,0
102.0289001,0.3432,88.4921,2.3335,0.6377,0.1135,0
96.1964035,0.3724,87.9192,2.2903,0.6525,0.1273,0
90.65470123,0.43,87.7119,2.2595,0.8737,0.0031,0
87.90930176,0.4893,88.1709,2.2244,1,0.0001,0
87.11840057,0.5093,89.3359,2.2114,1,0.0001,0
87.05740356,0.4991,90.1122,2.2549,1,0.0001,0
87.57649994,0.4621,89.8346,2.3435,1,0.0001,0
89.79799652,0.4121,88.1473,2.4324,1,0.0001,0
94.00180054,0.3748,87.3922,2.4964,1,0.0001,0
99.28220367,0.3561,87.6918,2.5278,1,0.0001,0
103.5289993,0.3503,87.998,2.5228,1,0.0001,0
106.7152023,0.3479,88.7879,2.5032,1,0.0001,0
110.0299988,0.3434,89.2809,2.4969,1,0.0001,0
111.7574997,0.3429,89.4793,2.503,1,0.0001,0
111.2303009,0.3483,89.3847,2.5048,1,0.0001,0
110.9247971,0.35,89.3779,2.496,1,0.0001,0
112.1380005,0.3451,89.4581,2.4853,1,0.0001,0
112.938797,0.3424,89.6684,2.484,1,0.0001,0
112.7628021,0.3376,89.7188,2.4923,1,0.0001,0
112.7286987,0.3184,89.6244,2.4999,0.9704,0.0001,0
113.4045029,0.301,89.6538,2.501,0.9109,0.0001,0
113.7192001,0.3084,89.5726,2.4983,0.9317,0.0001,0
111.9962997,0.3375,89.3423,2.4937,1,0.0001,0
110.5709,0.3496,89.1796,2.4903,1,0.0001,0
108.2375031,0.3511,88.8596,2.4824,1,0.0001,0
107.6074982,0.3373,88.5218,2.4804,0.9983,0.0001,0
107.0886993,0.3332,88.3636,2.493,1,0.0001,0
105.4164963,0.3307,88.4669,2.5152,1,0.0001,0
104.7729034,0.3163,88.5233,2.5257,1,0.0001,0
106.0557022,0.3009,88.5911,2.5178,0.9443,0.0001,0
106.3628006,0.3002,88.631,2.5063,0.9187,0.0001,0
104.2914963,0.3099,88.7151,2.4955,0.9314,0.0001,0
101.3775024,0.3125,88.9789,2.4817,0.9129,0.0001,0
99.43699646,0.3028,89.1104,2.471,0.8569,0.0001,0
99.89849854,0.2945,88.6071,2.4716,0.8287,0.0022,0
101.7798996,0.2918,87.5476,2.4795,0.835,0.0001,0
101.4957962,0.2906,86.7104,2.4844,0.8406,0.0001,0
97.82160187,0.2821,86.3693,2.4845,0.8106,0.0001,0
94.01629639,0.259,86.152,2.4841,0.7278,0.0048,0
93.01920319,0.2353,85.9953,2.4832,0.6418,0.0147,0
92.99780273,0.2296,85.8439,2.4778,0.6107,0.0215,0
91.72669983,0.2438,85.8446,2.4694,0.6442,0.0231,0
89.87870026,0.2566,85.4013,2.4642,0.6792,0.0225,0
88.80470276,0.2502,85.0058,2.4638,0.6557,0.0255,0
87.54260254,0.2354,85.2889,2.466,0.6076,0.0296,0
85.24819946,0.2348,85.9283,2.4697,0.6129,0.0266,0
83.94529724,0.2506,86.7241,2.4759,0.6815,0.0149,0
87.38760376,0.266,87.2648,2.4845,0.7534,0.0019,0
94.5510025,0.272,87.6767,2.4927,0.7912,0.0001,0
100.4210968,0.2763,88.0127,2.4957,0.8125,0.0001,0
103.2006989,0.2903,88.1706,2.4908,0.8524,0.0001,0
103.0126038,0.3097,87.9609,2.4774,0.8943,0.0001,0
100.7658997,0.3202,88.0847,2.461,0.8986,0.0016,0
99.10500336,0.3159,88.2008,2.4538,0.8688,0.0035,0
98.46070099,0.3076,88.5086,2.4617,0.8553,0.0049,0
98.36769867,0.3037,88.6134,2.4685,0.8551,0.0015,0
99.04740143,0.301,88.8412,2.4787,0.866,0.0001,0
101.1320038,0.3127,88.9863,2.481,0.9122,0.0001,0
102.1392975,0.3307,88.996,2.4813,0.9767,0.0001,0
100.963501,0.3339,89.0551,2.4844,0.9943,0.0001,0
100.2630005,0.3263,89.182,2.4889,0.9764,0.0001,0
101.3002014,0.3277,89.2791,2.4898,0.9831,0.0001,0
103.6607971,0.3386,89.3539,2.4824,1,0.0001,0
107.5167007,0.3456,89.3279,2.4683,1,0.0001,0
112.5672989,0.3403,89.1025,2.4583,0.9645,0.0001,0
115.846199,0.3346,88.7916,2.4619,0.9515,0.0001,0
115.2297974,0.3418,88.6438,2.4722,0.9978,0.0001,0
112.3520966,0.3548,88.7767,2.4728,1,0.0001,0
110.3630981,0.3525,89.0094,2.4653,1,0.0001,0
110.1070023,0.3341,89.2029,2.4583,0.9425,0.0001,0
110.2590027,0.3171,89.212,2.452,0.8695,0.0035,0
109.9168015,0.3139,89.0741,2.4457,0.8454,0.0061,0
109.4106979,0.3261,89.0915,2.4468,0.891,0.002,0
107.572998,0.3439,89.0923,2.4622,0.9851,0.0001,0
104.5158997,0.3585,88.7362,2.4879,1,0.0001,0
102.600502,0.362,87.9443,2.5082,1,0.0001,0
102.1093979,0.3478,87.1293,2.5123,1,0.0001,0
101.9311981,0.3249,86.8176,2.5057,1,0.0001,0
102.6119003,0.3107,86.9772,2.4956,0.9345,0.0001,0
103.9205017,0.3082,87.2999,2.4832,0.9006,0.0001,0
104.2675018,0.3101,87.552,2.4727,0.8863,0.0001,0
104.6277008,0.3106,87.7248,2.4697,0.882,0.0001,0
105.8366013,0.3131,87.8382,2.4749,0.9013,0.0001,0
107.1169968,0.3179,87.7078,2.4861,0.9409,0.0001,0
108.1781998,0.3213,87.4177,2.4972,0.9753,0.0001,0
108.3059006,0.3271,87.0976,2.5011,1,0.0001,0
108.1608963,0.3332,86.9079,2.5005,1,0.0001,0
108.1460037,0.3448,86.5255,2.4972,1,0.0001,0
108.4660034,0.3417,86.0733,2.4928,1,0.0001,0
108.1102982,0.3318,85.8896,2.4878,0.9937,0.0001,0
107.990303,0.3299,86.1036,2.4812,0.9913,0.0001,0
108.1054993,0.3366,86.6112,2.4751,1,0.0001,0
105.5887985,0.3383,87.1412,2.4748,1,0.0001,0
99.98970032,0.33,87.6795,2.4848,0.999,0.0001,0
95.28019714,0.3168,87.9319,2.4966,0.9754,0.0001,0
94.8911972,0.3086,87.9647,2.4965,0.9456,0.0001,0
97.38580322,0.3083,88.0911,2.4868,0.9247,0.0001,0
97.91429901,0.3165,88.4832,2.484,0.9486,0.0001,0
96.14050293,0.3202,88.8692,2.4928,0.98,0.0001,0
95.40859985,0.3122,88.8414,2.5041,0.9742,0.0001,0
96.52829742,0.3012,88.2291,2.5094,0.9453,0.0001,0
97.69100189,0.2886,87.3831,2.5051,0.8909,0.0001,0
97.83270264,0.2776,86.3616,2.4939,0.8282,0.0001,0
96.42099762,0.273,85.7222,2.4818,0.7868,0.0001,0
93.48169708,0.2716,85.2568,2.4718,0.7613,0.0079,0
90.51979828,0.2674,85.2567,2.4652,0.7326,0.015,0
89.22850037,0.2634,85.5786,2.4644,0.7165,0.0171,0
89.3655014,0.2643,85.7585,2.4676,0.7263,0.0141,0
90.00589752,0.2722,85.583,2.4711,0.762,0.0082,0
90.4138031,0.2786,85.1984,2.4749,0.7929,0.0027,0
90.30809784,0.2797,84.8514,2.4769,0.801,0.0007,0
88.90460205,0.2786,84.7529,2.4713,0.7856,0.0057,0
87.01170349,0.2727,84.7006,2.4594,0.7399,0.0178,0
85.98930359,0.2601,84.6811,2.4513,0.6777,0.0299,0
86.62930298,0.2469,84.6884,2.4521,0.6317,0.0347,0
87.72019958,0.2414,84.7068,2.4547,0.6171,0.0347,0
88.20829773,0.2456,84.8792,2.4533,0.6294,0.0342,0
88.33920288,0.2533,84.8578,2.4518,0.6542,0.0323,0
88.43299866,0.2561,84.6671,2.4512,0.6631,0.0316,0
88.99169922,0.2592,84.3732,2.4457,0.663,0.0352,0
89.42070007,0.2653,84.3479,2.4331,0.6592,0.0431,0
88.93830109,0.2756,84.8392,2.4244,0.6787,0.0458,0
87.32659912,0.2782,85.7832,2.4272,0.6938,0.0422,0
85.91449738,0.2692,86.6479,2.4365,0.6803,0.0392,0
86.14320374,0.2609,87.0006,2.4481,0.6741,0.0324,0
87.70700073,0.2583,86.8365,2.4626,0.6944,0.0206,0
89.34870148,0.2568,86.5685,2.4756,0.7156,0.0102,0
90.13580322,0.2618,86.5059,2.4818,0.7463,0.0031,0
90.35820007,0.2743,86.6095,2.4835,0.795,0.0001,0
91.11489868,0.2819,86.8787,2.4831,0.8217,0.0001,0
92.37789917,0.2807,87.3109,2.48,0.811,0.0001,0
92.54940033,0.2729,87.723,2.4762,0.775,0.0037,0
91.56030273,0.2643,87.9203,2.4766,0.7447,0.0066,0
90.72489929,0.2589,87.8239,2.4828,0.7379,0.0034,0
90.34120178,0.2627,87.4559,2.4893,0.765,0.0001,0
89.59089661,0.2766,86.8612,2.4897,0.816,0.0001,0
88.44850159,0.2874,86.3079,2.4843,0.844,0.0001,0
87.53140259,0.2789,86.1791,2.4766,0.7975,0.0012,0
86.69920349,0.2673,86.5831,2.4684,0.7388,0.0123,0
86.55039978,0.2648,87.2761,2.4643,0.7213,0.0167,0
88.05639648,0.269,87.768,2.4663,0.7406,0.0134,0
90.26249695,0.2748,87.7999,2.4684,0.7659,0.0095,0
90.41970062,0.278,87.3775,2.4643,0.769,0.0118,0
89.37439728,0.2724,86.8299,2.4576,0.7351,0.0194,0
89.77300262,0.2696,86.5409,2.4574,0.7246,0.0207,0
90.91400146,0.2705,86.6134,2.4632,0.7397,0.0155,0
91.00109863,0.2678,86.8874,2.4657,0.735,0.0144,0
90.42220306,0.2686,87.0285,2.4616,0.7295,0.0175,0
90.77870178,0.2865,87.0494,2.4559,0.7826,0.0156,0
91.50689697,0.3089,87.1155,2.455,0.8617,0.0042,0
91.60890198,0.314,87.1654,2.4573,0.8848,0.0024,0
91.65019989,0.3168,87.383,2.4665,0.9138,0.0001,0
91.69499969,0.3237,87.4574,2.4744,0.9549,0.0001,0
91.13890076,0.3198,87.3998,2.4761,0.9443,0.0001,0
89.96710205,0.2882,87.1439,2.4775,0.833,0.0001,0
89.24510193,0.2599,86.6063,2.4853,0.7466,0.0009,0
87.67469788,0.2493,86.0066,2.497,0.7323,0.0001,0
85.21880341,0.2466,85.5528,2.4996,0.7279,0.0001,0
84.04270172,0.245,85.3072,2.4885,0.6993,0.0039,0
83.61499786,0.2501,85.1741,2.4697,0.6793,0.0178,0
82.77480316,0.2566,85.0878,2.4546,0.6718,0.0284,0
82.17469788,0.251,85.2195,2.4483,0.6387,0.0363,0
81.35949707,0.2408,85.3734,2.4492,0.6037,0.0398,0
79.90129852,0.2404,85.3652,2.4522,0.6084,0.0373,0
79.34600067,0.2494,85.1118,2.4551,0.6468,0.0309,0
79.09470367,0.2579,84.597,2.4576,0.6827,0.0252,0
78.20110321,0.2621,83.8922,2.462,0.7069,0.0196,0
77.79959869,0.2599,82.9749,2.4691,0.7135,0.0145,0
78.10939789,0.2528,82.5721,2.4743,0.6984,0.0128,0
78.73600006,0.2514,82.8202,2.4732,0.6911,0.0143,0
81.68530273,0.2627,83.2425,2.468,0.7213,0.0144,0
86.88619995,0.2766,83.8508,2.465,0.7654,0.0117,0
90.90219879,0.2807,84.8407,2.4671,0.7845,0.0084,0
92.84960175,0.2826,86.0344,2.4716,0.8006,0.004,0
93.46130371,0.2913,86.9022,2.4745,0.838,0.0001,0
93.17769623,0.3044,87.3651,2.4766,0.8897,0.0001,0
93.16629791,0.3166,87.4664,2.474,0.9284,0.0001,0
94.01409912,0.3287,87.4965,2.4642,0.9521,0.0001,0
95.13600159,0.3388,87.6083,2.4543,0.9683,0.0001,0
96.31330109,0.3383,87.8292,2.4526,0.963,0.0002,0
97.01799774,0.3208,88.2053,2.4583,0.9115,0.0011,0
96.62599945,0.3003,88.6534,2.4613,0.8435,0.0063,0
96.39510345,0.2932,88.8545,2.4595,0.8142,0.0103,0
96.62509918,0.2852,89.179,2.4513,0.7684,0.02,0
98.03690338,0.2851,89.4077,2.4444,0.754,0.026,0
99.82779694,0.2967,89.6878,2.4442,0.7955,0.017,0
100.5342026,0.3148,90.0226,2.4487,0.8701,0.0034,0
99.5358963,0.3315,90.2132,2.4527,0.9387,0.0005,0
98.1516037,0.3436,90.0802,2.452,0.981,0.0001,0
97.39299774,0.3378,89.7574,2.4503,0.9565,0.0002,0
96.48059845,0.3092,89.4631,2.4532,0.8591,0.0045,0
94.86039734,0.2882,89.044,2.4651,0.8076,0.0074,0
92.76290131,0.284,88.4338,2.4821,0.8272,0.0001,0
90.56259918,0.2848,87.9155,2.4923,0.851,0.0001,0
88.61499786,0.2883,87.749,2.4884,0.8556,0.0001,0
87.55180359,0.2982,88.008,2.479,0.8722,0.0001,0
88.3065033,0.3081,88.4662,2.4733,0.8963,0.0001,0
90.51850128,0.3112,88.72,2.4677,0.896,0.0001,0
91.72380066,0.3047,88.537,2.4572,0.851,0.0054,0
91.11270142,0.2957,88.0652,2.4486,0.8009,0.0153,0
90.44560242,0.2893,87.7667,2.4464,0.7732,0.0226,0
90.67520142,0.283,87.8679,2.4448,0.7472,0.0265,0
91.24030304,0.2683,88.1863,2.4427,0.6897,0.0342,0
91.21659851,0.2509,88.5022,2.444,0.6295,0.0402,0
90.72070313,0.2492,88.7434,2.4491,0.6338,0.0365,0
90.02320099,0.2684,88.9573,2.454,0.7133,0.0242,0
89.32659912,0.2835,89.1141,2.4556,0.7711,0.017,0
88.89510345,0.2818,89.1211,2.4528,0.7592,0.02,0
88.87870026,0.2827,89.0682,2.4463,0.7492,0.0253,0
88.99569702,0.2865,89.0646,2.441,0.752,0.0284,0
89.53359985,0.2788,89.0403,2.4419,0.7261,0.0307,0
90.56890106,0.2755,88.9755,2.449,0.7287,0.0258,0
90.69619751,0.2888,88.9683,2.4569,0.7929,0.014,0
90.34999847,0.2984,88.9916,2.4601,0.8342,0.0078,0
89.46869659,0.3102,89.0856,2.4636,0.884,0.0011,0
89.34739685,0.3087,89.2046,2.4634,0.8782,0.0018,0
89.55149841,0.3014,89.6833,2.4596,0.844,0.0063,0
88.55310059,0.2903,90.3582,2.4543,0.793,0.0156,0
87.07920074,0.2811,91.2061,2.4522,0.7555,0.0207,0
86.79660034,0.2732,92.0407,2.4558,0.7343,0.0207,0
87.81279755,0.2654,92.7193,2.4597,0.7141,0.0204,0
89.01529694,0.2654,92.7384,2.4581,0.7108,0.0218,0
90.86039734,0.2821,91.8552,2.4558,0.7665,0.0174,0
93.78829956,0.3082,90.7952,2.4581,0.8655,0.0038,0
96.63259888,0.325,90.1427,2.4638,0.9379,0.0001,0
96.83509827,0.3175,89.9736,2.4697,0.9229,0.0001,0
94.48049927,0.3023,90.1186,2.4735,0.8757,0.0001,0
92.56109619,0.3037,90.4882,2.476,0.8859,0.0001,0
92.11019897,0.3168,90.9872,2.4758,0.9328,0.0001,0
92.3470993,0.3203,91.031,2.471,0.9357,0.0001,0
92.89420319,0.3127,90.71,2.467,0.9,0.0001,0
92.46479797,0.3029,90.1732,2.4679,0.8664,0.0001,0
90.48480225,0.2988,89.6976,2.4714,0.8588,0.0001,0
89.2589035,0.3024,89.4949,2.4717,0.8724,0.0001,0
90.45269775,0.3028,89.2926,2.4706,0.8716,0.0001,0
91.62110138,0.296,89.1838,2.4709,0.8476,0.0001,0
91.10109711,0.2915,89.1494,2.4736,0.8369,0.0001,0
90.88899994,0.2915,89.0333,2.472,0.8336,0.0005,0
92.92810059,0.2972,88.8484,2.4621,0.8339,0.0067,0
94.83779907,0.3051,88.5965,2.4533,0.8445,0.0062,0
94.17040253,0.3017,88.2845,2.4509,0.8273,0.009,0
91.88020325,0.2829,88.1131,2.4541,0.7659,0.0185,0
90.22799683,0.2655,88.2873,2.4587,0.7124,0.0212,0
89.97090149,0.2559,88.7216,2.4602,0.6808,0.0238,0
90.70210266,0.2554,89.1886,2.4588,0.6761,0.0253,0
91.09619904,0.258,89.3018,2.4583,0.6845,0.0246,0
91.14610291,0.2657,89.4806,2.4583,0.7123,0.0215,0
90.62259674,0.2705,89.753,2.4573,0.7276,0.0205,0
90.95780182,0.276,90.0558,2.4585,0.7499,0.0174,0
