GR_F,NPHIC,RHOBC,DTC,VCL_FINAL,PHIE_FINAL,TypeRock
38.6034,0.2335,2.263,79.249,0.0687,0.2262,1
37.3566,0.2143,2.279,78.297,0.0617,0.2174,1
37.9742,0.1999,2.279,73.672,0.0652,0.2169,1
39.3757,0.195,2.333,72.702,0.0731,0.1833,2
44.2722,0.2019,2.401,68.824,0.1022,0.1385,3
48.5993,0.2137,2.406,69.582,0.1299,0.1321,3
50.4707,0.2212,2.414,69.553,0.1425,0.1258,3
49.143,0.2235,2.436,69.976,0.1336,0.1135,3
44.969,0.2207,2.409,69.386,0.1066,0.1331,3
43.1534,0.2168,2.363,70.169,0.0954,0.1624,2
45.4197,0.2165,2.369,72.108,0.1094,0.157,2
52.6393,0.2209,2.367,73.783,0.1576,0.1524,2
57.585,0.2287,2.37,73.306,0.1938,0.1462,3
67.1094,0.2363,2.378,74.349,0.2718,0.1319,3
72.331,0.2386,2.36,76.236,0.3198,0.137,3
65.8892,0.2291,2.348,78.099,0.2612,0.1514,2
61.2617,0.2071,2.333,78.245,0.2226,0.1651,2
52.0287,0.1796,2.304,75.477,0.1533,0.1911,2
48.0201,0.1548,2.274,74.85,0.1261,0.2126,1
46.1839,0.14,2.321,74.275,0.1142,0.1855,2
44.3034,0.1389,2.399,74.876,0.1024,0.1397,3
42.688,0.1466,2.461,73.583,0.0926,0.1033,3
40.5089,0.1557,2.457,71.433,0.0796,0.1073,3
35.936,0.1642,2.483,69.963,0.054,0.0947,4
35.3837,0.1667,2.46,69.285,0.051,0.109,3
33.7969,0.1617,2.44,69.118,0.0426,0.1221,3
35.2634,0.1531,2.433,66.074,0.0503,0.1254,3
33.3089,0.144,2.455,64.859,0.0401,0.1133,3
33.1745,0.1338,2.472,63.264,0.0394,0.1031,3
34.5883,0.1261,2.526,62.35,0.0468,0.0695,4
36.8627,0.1198,2.531,60.814,0.059,0.065,4
37.996,0.1139,2.54,59.744,0.0653,0.0588,4
37.5657,0.11,2.531,60.497,0.0629,0.0645,4
36.3839,0.1082,2.534,61.439,0.0564,0.0635,4
38.4359,0.1092,2.503,64.186,0.0678,0.0809,4
39.1253,0.1129,2.46,65.417,0.0717,0.1065,3
40.2802,0.1188,2.46,66.448,0.0783,0.1057,3
39.7422,0.1268,2.461,67.575,0.0752,0.1054,3
39.6923,0.1352,2.417,70.508,0.0749,0.1321,3
38.7517,0.1442,2.387,70.16,0.0695,0.151,2
38.6219,0.1518,2.429,69.587,0.0688,0.1256,3
39.0451,0.1574,2.496,67.961,0.0712,0.0847,4
42.4778,0.1614,2.529,64.06,0.0913,0.0623,4
40.9696,0.1612,2.586,58.908,0.0823,0.0288,4
40.2357,0.1564,2.634,57.045,0.078,0.0002,4
36.4012,0.1474,2.5334,56.254,0.0565,0.0638,4
35.0451,0.1319,2.5455,54.93,0.0492,0.0574,4
37.1743,0.1143,2.541,57.002,0.0607,0.0587,4
39.2097,0.0981,2.5401,58.604,0.0721,0.0579,4
40.6585,0.0859,2.552,61.309,0.0805,0.0496,4
38.8325,0.0806,2.54,63.038,0.07,0.0582,4
39.7558,0.0836,2.5051,63.117,0.0753,0.0787,4
45.1407,0.0903,2.5208,63.599,0.1076,0.0653,4
49.328,0.0971,2.5516,61.918,0.1348,0.0433,4
53.0685,0.1034,2.452,69.671,0.1606,0.1005,3
53.2384,0.1112,2.355,74.072,0.1618,0.1592,2
52.529,0.13,2.462,74.128,0.1568,0.0949,4
55.1668,0.1594,2.46,72.436,0.1757,0.0939,4
65.5272,0.1893,2.456,73.152,0.258,0.0863,4
85.1522,0.2206,2.478,75.226,0.4562,0.049,4
101.4428,0.2689,2.5914,74.62,0.682,0,4
102.2067,0.3299,2.5697,75.051,0.6946,0,4
97.4427,0.3728,2.46,83.085,0.6195,0.0401,4
85.1428,0.3764,2.3978,84.119,0.456,0.0975,4
77.4581,0.335,2.3618,86.064,0.3709,0.1297,3
80.7299,0.2677,2.4527,80.265,0.4058,0.0704,4
86.0078,0.2229,2.5245,76.576,0.4664,0.0195,4
95.3241,0.2187,2.6913,63.047,0.5884,0,4
103.0269,0.2377,2.6882,66.111,0.7084,0,4
111.4008,0.2585,2.6727,70.744,0.8674,0,4
117.9777,0.2751,2.7193,68.084,1,0,4
117.8936,0.2875,2.6843,71.338,1,0,4
125.8532,0.3002,2.6926,73.536,1,0,4
128.1725,0.3155,2.7025,72.946,1,0,4
124.7322,0.3318,2.6567,75.719,1,0,4
116.4654,0.341,2.6013,77.618,0.9861,0,4
117.0726,0.3328,2.6259,75.563,1,0,4
114.8006,0.3038,2.4237,97.245,0.9445,0.0227,4
109.054,0.26,2.4052,98.27,0.819,0.0491,4
99.185,0.2203,2.667,67.308,0.646,0,4
93.0268,0.1982,2.6489,67.308,0.5563,0,4
84.6059,0.1956,2.6864,59.628,0.4497,0,4
72.5091,0.202,2.5632,67.181,0.3215,0.0137,4
60.7351,0.2049,2.501,68.478,0.2183,0.0638,4
52.1314,0.2032,2.4275,72.557,0.154,0.1162,3
49.1712,0.1956,2.4248,71.815,0.1337,0.1203,3
45.9676,0.1851,2.3718,76.434,0.1129,0.1549,2
49.2834,0.1784,2.3344,82.159,0.1345,0.1749,2
51.025,0.1747,2.3376,82.731,0.1463,0.1716,2
49.2132,0.177,2.3527,80.227,0.134,0.164,2
47.4872,0.1857,2.3428,80.197,0.1226,0.1713,2
39.477,0.1961,2.309,79.854,0.0737,0.1977,2
42.5537,0.2047,2.3085,80.961,0.0917,0.1958,2
48.6094,0.2144,2.3183,82.267,0.13,0.1853,2
54.4006,0.2235,2.3195,84.381,0.1701,0.1797,2
56.2046,0.2306,2.3236,84.497,0.1834,0.1756,2
54.2845,0.2369,2.3323,82.469,0.1693,0.172,2
54.2989,0.2388,2.3715,78.212,0.1694,0.1482,3
56.0223,0.2345,2.3841,77.797,0.182,0.1391,3
56.8417,0.225,2.4111,75.619,0.1882,0.122,3
52.3806,0.2129,2.4037,74.859,0.1557,0.1304,3
49.8488,0.2001,2.4116,73.364,0.1383,0.1277,3
48.5807,0.1884,2.4095,73.447,0.1298,0.13,3
47.6328,0.1806,2.4026,74.048,0.1236,0.135,3
46.4994,0.1746,2.4121,72.748,0.1163,0.1301,3
45.0123,0.167,2.4226,71.244,0.1068,0.1249,3
46.1083,0.1602,2.4181,72.453,0.1138,0.1267,3
43.0338,0.1588,2.3874,74.424,0.0946,0.1477,3
41.7451,0.1635,2.3813,74.32,0.0869,0.1523,2
45.7282,0.172,2.4026,73.514,0.1114,0.1364,3
53.3102,0.1815,2.4409,72.452,0.1623,0.1071,3
54.687,0.1841,2.4566,71.286,0.1722,0.0963,4
52.2322,0.175,2.4763,68.421,0.1547,0.0865,4
47.6311,0.1546,2.5318,61.181,0.1236,0.0567,4
44.9909,0.1281,2.5295,61.213,0.1067,0.0601,4
42.8736,0.1031,2.4285,71.999,0.0937,0.1229,3
41.4018,0.0922,2.4048,74.273,0.0849,0.1383,3
40.1558,0.1015,2.4012,73.76,0.0776,0.1414,3
43.6654,0.1254,2.388,75.862,0.0985,0.1468,3
45.0883,0.1519,2.4062,73.579,0.1073,0.1348,3
45.9389,0.172,2.398,74.012,0.1127,0.1391,3
43.52,0.1828,2.3952,72.921,0.0976,0.1426,3
45.9305,0.1871,2.4309,70.017,0.1126,0.1191,3
46.1621,0.192,2.4287,70.179,0.1141,0.1203,3
46.3857,0.1993,2.4248,70.436,0.1155,0.1225,3
43.8359,0.206,2.4104,70.589,0.0995,0.1332,3
42.8837,0.212,2.4032,70.711,0.0937,0.1382,3
41.9971,0.2145,2.3962,70.982,0.0884,0.1431,3
37.0219,0.209,2.3887,69.755,0.0599,0.1511,2
37.3299,0.1956,2.4082,68.307,0.0616,0.1391,3
37.1507,0.1737,2.4217,67.578,0.0606,0.131,3
37.0053,0.1457,2.4579,64.674,0.0598,0.1092,3
33.2001,0.1184,2.4748,62.161,0.0395,0.1014,3
30.5074,0.098,2.4911,59.963,0.0259,0.0931,4
30.6047,0.0853,2.5385,55.404,0.0264,0.0644,4
30.181,0.0805,2.5426,54.948,0.0243,0.0621,4
31.0526,0.0802,2.541,55.521,0.0286,0.0626,4
31.4888,0.079,2.5674,52.942,0.0308,0.0464,4
33.1436,0.0764,2.555,55.095,0.0392,0.0528,4
31.2179,0.0743,2.5411,55.801,0.0294,0.0624,4
30.4711,0.0744,2.5456,54.982,0.0257,0.0602,4
31.6177,0.0782,2.5548,54.369,0.0314,0.0539,4
30.6839,0.0853,2.5474,54.484,0.0268,0.0589,4
30.6568,0.091,2.5393,55.128,0.0266,0.0638,4
29.754,0.095,2.5314,55.426,0.0222,0.0692,4
32.6191,0.0987,2.5321,56.496,0.0365,0.067,4
33.3595,0.1019,2.5252,57.444,0.0403,0.0707,4
38.7312,0.104,2.5454,57.603,0.0694,0.055,4
41.1826,0.1037,2.5492,58.302,0.0836,0.051,4
41.602,0.1007,2.5598,57.472,0.0861,0.0443,4
37.2659,0.0972,2.5393,57.855,0.0612,0.0597,4
32.1022,0.0962,2.5077,58.965,0.0339,0.0821,4
31.9584,0.0986,2.4986,59.786,0.0331,0.0877,4
33.2916,0.1028,2.5,60.077,0.04,0.0861,4
35.2601,0.1079,2.569,60.606,0.0503,0.043,4
38.3891,0.1129,2.567,60.81,0.0675,0.0421,4
36.4638,0.117,2.55,62.021,0.0568,0.0537,4
35.8413,0.1219,2.538,63.092,0.0534,0.0614,4
34.2234,0.127,2.536,63.941,0.0448,0.0637,4
33.9684,0.1306,2.508,63.847,0.0435,0.0808,4
33.2081,0.133,2.545,64.667,0.0395,0.0588,4
32.512,0.1313,2.549,64.565,0.036,0.0569,4
32.7833,0.1278,2.524,63.5,0.0374,0.0718,4
33.4013,0.1253,2.525,63.075,0.0405,0.0708,4
32.6749,0.1247,2.544,63.929,0.0368,0.0598,4
36.7103,0.1265,2.58,63.279,0.0582,0.0354,4
40.0349,0.129,2.548,63.966,0.0769,0.0525,4
42.3782,0.1309,2.513,63.116,0.0907,0.072,4
40.5975,0.1324,2.524,63.947,0.0802,0.0666,4
39.0005,0.1348,2.526,64.56,0.071,0.0666,4
37.666,0.1384,2.538,65.815,0.0634,0.0602,4
37.5727,0.1418,2.489,66.455,0.0629,0.0899,4
36.8818,0.1429,2.481,67.148,0.0591,0.0953,4
34.1381,0.1413,2.463,68.132,0.0444,0.108,3
33.5704,0.1369,2.451,68.094,0.0414,0.1156,3
34.8807,0.1328,2.503,67.461,0.0483,0.0832,4
35.23,0.1308,2.484,66.931,0.0502,0.0945,4
35.7267,0.1325,2.493,65.89,0.0528,0.0887,4
34.2517,0.1379,2.498,64.95,0.045,0.0867,4
34.8303,0.1435,2.491,64.224,0.048,0.0905,4
35.2316,0.1469,2.493,65.444,0.0502,0.0891,4
35.5919,0.1471,2.509,66.033,0.0521,0.0791,4
37.5105,0.1444,2.499,65.739,0.0626,0.0839,4
40.6497,0.1398,2.541,65.055,0.0805,0.0563,4
42.4086,0.1346,2.536,64.291,0.0909,0.0581,4
42.7372,0.1287,2.536,64.034,0.0929,0.0578,4
42.9062,0.1229,2.543,62.893,0.0939,0.0535,4
39.9229,0.1174,2.544,61.988,0.0762,0.055,4
42.5855,0.113,2.562,60.892,0.0919,0.0422,4
44.7796,0.111,2.577,60.338,0.1054,0.0315,4
44.6425,0.1101,2.592,59.958,0.1045,0.0225,4
42.2593,0.1085,2.585,59.703,0.09,0.0285,4
36.4515,0.1073,2.599,58.069,0.0568,0.024,4
37.8287,0.1057,2.604,57.618,0.0644,0.0201,4
38.6145,0.1036,2.61,57.356,0.0688,0.0159,4
40.2985,0.1011,2.5549,57.389,0.0784,0.0481,4
37.909,0.0974,2.5572,56.22,0.0648,0.0484,4
34.2993,0.0917,2.5378,56.891,0.0452,0.0625,4
33.8306,0.0858,2.5393,56.736,0.0428,0.0619,4
36.0708,0.0818,2.5431,57.475,0.0547,0.0581,4
38.5579,0.0802,2.5582,57.033,0.0684,0.0474,4
41.2321,0.0807,2.574,56.516,0.0839,0.0359,4
38.6904,0.0832,2.5671,56.025,0,0.0502,4
36.758,0.0858,2.5695,54.814,0,0.0488,4
32.7697,0.0866,2.5593,54.09,0,0.0549,4
32.6603,0.0848,2.5758,52.34,0,0.0449,4
35.8019,0.0789,2.5757,53.98,0,0.0451,4
40.4383,0.0717,2.5885,54.943,0,0.0373,4
43.8429,0.07,2.6143,53.759,0,0.0216,4
54.9207,0.0819,2.6741,51.87,0,0,4
82.6198,0.1135,2.6104,69.884,0.086,0.0136,4
102.336,0.1753,2.6722,69.805,0.2753,0,4
110.3498,0.248,2.6234,75.935,0.3768,0,4
114.9205,0.3068,2.6393,74.125,0.4431,0,4
117.4106,0.3403,2.6156,76.541,0.4822,0,4
123.0631,0.3414,2.4361,98.228,0.5801,0.0593,4
123.3857,0.3245,2.4382,98.763,0.5862,0.0573,4
124.2483,0.3107,2.4627,97.04,0.6025,0.0405,4
122.3069,0.309,2.4591,96.621,0.5662,0.0471,4
125.825,0.3112,2.4857,95.262,0.6335,0.0228,4
126.5164,0.3129,2.4808,96.03,0.6475,0.0241,4
125.2134,0.314,2.4734,96.197,0.6213,0.0317,4
125.2195,0.3161,2.4605,97.504,0.6214,0.0395,4
129.0103,0.3195,2.4656,98.532,0.7004,0.0269,4
131.7656,0.3222,2.4651,99.707,0.764,0.0194,4
130.5272,0.3256,2.4659,98.945,0.7347,0.0225,4
127.0324,0.3262,2.4609,97.898,0.6581,0.0348,4
127.5625,0.3242,2.4745,96.757,0.6692,0.0252,4
125.8037,0.3225,2.4762,95.848,0.633,0.0286,4
127.4802,0.3207,2.4838,95.856,0.6675,0.0198,4
126.7541,0.3182,2.4741,96.655,0.6524,0.0275,4
127.3143,0.3191,2.4624,98.122,0.664,0.0332,4
127.9258,0.3254,2.4322,101.404,0.6769,0.05,4
132.7429,0.337,2.4261,103.773,0.788,0.0402,4
131.4838,0.3512,2.4187,103.482,0.7572,0.0484,4
132.5226,0.367,2.4074,104.577,0.7825,0.0522,4
130.6683,0.381,2.3957,104.492,0.738,0.0647,4
128.5359,0.3874,2.366,106.486,0.69,0.0885,4
132.7269,0.3848,2.3692,108.106,0.7876,0.0747,4
135.394,0.3816,2.3745,108.845,0.8577,0.063,4
137.5282,0.3808,2.3712,110.183,0.9197,0.0575,4
135.869,0.3871,2.3574,110.683,0.871,0.0717,4
130.1875,0.404,2.3329,110.148,0.7269,0.1041,4
131.371,0.4191,2.3436,108.978,0.7545,0.0942,4
133.5443,0.4246,2.3582,108.191,0.8083,0.0789,4
133.6006,0.4223,2.3938,104.486,0.8098,0.0571,4
118.9988,0.4173,2.344,103.491,0.5083,0.1239,3
117.5598,0.4119,2.3605,101.273,0.4846,0.1167,3
120.9169,0.404,2.3818,100.784,0.5413,0.0969,4
122.5171,0.3953,2.4058,99.245,0.57,0.0789,4
119.2024,0.3842,2.3851,100.393,0.5118,0.0985,4
112.7586,0.3713,2.3606,100.612,0.4109,0.1256,3
109.7483,0.3668,2.3476,100.826,0.3686,0.1386,3
115.2894,0.3737,2.3936,98.124,0.4488,0.101,3
120.0992,0.384,2.4152,97.584,0.5271,0.0784,4
121.9557,0.3888,2.432,96.432,0.5598,0.0643,4
120.1619,0.3875,2.407,98.353,0.5281,0.0832,4
117.0719,0.3789,2.3868,99.453,0.4767,0.1017,3
122.537,0.3679,2.4204,98.702,0.5704,0.07,4
130.7162,0.3602,2.453,99.142,0.7391,0.0298,4
137.6244,0.3543,2.4857,98.94,0.9227,0,4
132.4564,0.3418,2.4595,99.902,0.7809,0.0208,4
126.773,0.329,2.411,103.016,0.6527,0.0657,4
126.2695,0.3266,2.4011,103.947,0.6424,0.073,4
127.4567,0.3363,2.3824,106.118,0.667,0.0813,4
137.6907,0.3489,2.4047,107.835,0.9247,0.0366,4
143.339,0.3508,2.4642,103.917,1,0,4
147.2094,0.3382,2.4802,104.403,1,0,4
147.0946,0.3294,2.5171,100.722,1,0,4
138.7527,0.3468,2.4884,99.439,0.9582,0,4
131.5724,0.392,2.452,98.465,0.7593,0.0279,4
123.4414,0.402,2.4265,97.203,0.5872,0.0643,4
120.386,0.412,2.4011,98.189,0.532,0.0864,4
108.3385,0.422,2.3356,99.453,0.3497,0.1481,3
95.3263,0.432,2.267,100.623,0.1991,0.208,1
89.5245,0.442,2.2267,100,0.1438,0.2391,1
88.1102,0.452,2.2826,101.3333,0.1313,0.2067,1
89.0031,0.449,2.3061,102.6667,0.1392,0.1916,2
94.9383,0.446,2.3178,104,0.1952,0.1777,2
96.6148,0.443,2.3118,105.3333,0.2123,0.1792,2
96.4607,0.44,2.0931,106.6667,0.2107,0.312,1
93.4621,0.437,2.1285,108,0.1807,0.2942,1
90.4622,0.434,2.1314,108,0.1523,0.2958,1
86.7776,0.4355,2.1858,108,0.1198,0.2668,1
84.4974,0.437,2.1178,108,0.1009,0.3103,1
80.8111,0.4385,2.2769,110,0.0721,0.2174,1
90.3013,0.44,2.2971,109,0.1509,0.1956,2
108.5181,0.422,2.4027,108.25,0.3521,0.1072,3
116.2838,0.428,2.4106,107.5,0.4642,0.0888,4
107.4695,0.4232,2.284,106.75,0.3384,0.1808,3
105.5962,0.4184,2.2585,106,0.3145,0.1991,3
101.3692,0.4136,2.2566,105,0.2641,0.2064,2
110.5258,0.4088,2.3189,104,0.3793,0.1547,3
111.4813,0.404,2.3181,104.4,0.3926,0.1536,3
114.9957,0.4085,2.3196,104.8,0.4443,0.1464,3
114.853,0.413,2.3566,105.2,0.4421,0.1242,3
108.2704,0.4175,2.1998,105.6,0.3488,0.2306,3
98.5053,0.422,2.1783,106,0.2323,0.2577,2
93.3499,0.4235,2.1295,108.5,0.1796,0.2937,1
89.3966,0.425,2.2633,111,0.1427,0.2171,1
88.0549,0.4265,2.088,111.3333,0.1308,0.3247,1
90.3157,0.428,2.1269,111.6667,0.151,0.2987,1
86.4622,0.428,2.1616,112,0.1171,0.2818,1
90.3209,0.422,2.1699,111.6667,0.151,0.2727,1
91.2329,0.416,2.1496,111.3333,0.1594,0.284,1
101.6406,0.41,2.2276,111,0.2672,0.2236,2
117.3474,0.4055,2.2927,109.6667,0.4812,0.1582,3
120.3975,0.401,2.3319,108.3333,0.5322,0.1283,3
118.014,0.3965,2.3175,107,0.492,0.1419,3
112.9869,0.392,2.272,107.6667,0.4143,0.1789,3
111.8854,0.383,2.2839,108.3333,0.3984,0.1736,3
108.1153,0.374,2.2746,109,0.3468,0.1855,3
110.9659,0.365,2.2842,108.5,0.3854,0.175,3
109.242,0.356,2.3921,108,0.3618,0.1125,3
112.6112,0.364,2.3264,107.5,0.4088,0.1466,3
117.0956,0.372,2.3171,107,0.4771,0.1439,3
121.5868,0.38,2.3406,106.5714,0.5532,0.1205,4
118.1047,0.386,2.3462,106.1429,0.4935,0.1243,3
120.2531,0.362,2.3727,105.7143,0.5297,0.1038,3
119.9055,0.3716,2.3773,105.2857,0.5237,0.1018,3
120.9445,0.3812,2.3597,104.8571,0.5418,0.1103,3
118.5566,0.3908,2.3301,104.4286,0.501,0.1332,3
118.784,0.4004,2.3114,104,0.5047,0.144,3
119.9072,0.41,2.2964,105.6667,0.5238,0.1508,3
117.0204,0.416,2.266,107.3333,0.4759,0.1751,3
109.5818,0.422,2.2282,109,0.3663,0.2112,3
106.0547,0.428,2.2068,109.5,0.3203,0.2298,3
102.6397,0.419,2.2143,110,0.2788,0.2303,2
106.0057,0.41,2.2501,110.5,0.3197,0.2036,3
112.2872,0.401,2.2981,111,0.4041,0.1643,3
127.7026,0.392,2.4439,110.5,0.6722,0.0434,4
132.4105,0.392,2.5264,110,0.7797,0,4
130.7818,0.392,2.4865,109.5,0.7406,0.0093,4
119.5667,0.3935,2.4043,109,0.5179,0.0862,4
113.6358,0.395,2.3203,109,0.4238,0.1485,3
104.9492,0.3965,2.2802,109,0.3065,0.187,3
107.2072,0.398,2.2752,109,0.335,0.1865,3
112.0207,0.402,2.285,108.25,0.4003,0.1727,3
115.4453,0.406,2.285,107.5,0.4512,0.1665,3
115.5846,0.41,2.301,106.75,0.4533,0.1566,3
112.0446,0.412,2.2891,106,0.4006,0.1702,3
103.5933,0.414,2.2551,106.241,0.2901,0.2041,2
98.644,0.416,2.2474,104.788,0.2338,0.2157,2
108.9206,0.418,2.2883,104.918,0.3574,0.1759,3
115.6027,0.42,2.2997,106.61,0.4536,0.1573,3
116.052,0.422,2.2638,110.578,0.4606,0.1782,3
112.0876,0.4184,2.239,111.591,0.4013,0.2004,3
106.3488,0.4148,2.2224,110.945,0.324,0.2199,3
103.975,0.4112,2.2066,111.704,0.2947,0.233,2
101.7427,0.4076,2.2257,108.803,0.2684,0.2246,2
101.9934,0.404,2.2646,104.877,0.2713,0.2007,2
111.8522,0.3788,2.2951,106.946,0.3979,0.1669,3
114.9759,0.3661,2.2945,108.861,0.444,0.1616,3
113.5598,0.3603,2.2868,109.267,0.4227,0.1689,3
108.8726,0.3677,2.2184,114.221,0.3568,0.2183,3
104.4596,0.3893,2.2627,106.723,0.3005,0.1983,3
104.1405,0.4198,2.2425,107.618,0.2967,0.211,2
106.4193,0.4407,2.2383,108.324,0.3249,0.2101,3
107.5678,0.4348,2.281,104.481,0.3396,0.1825,3
110.5994,0.4076,2.3053,104.239,0.3803,0.1628,3
116.0066,0.3758,2.352,102.814,0.4599,0.1249,3
124.6747,0.3534,2.4216,100.058,0.6108,0.0644,4
132.206,0.3421,2.4559,100.161,0.7747,0.0237,4
132.3005,0.3364,2.4813,97.7,0.777,0.0081,4
133.8039,0.3299,2.5045,96.128,0.8151,0,4
135.0015,0.3237,2.5176,95.484,0.847,0,4
137.8619,0.324,2.5474,93.558,0.93,0,4
133.8221,0.3255,2.5214,94.481,0.8155,0,4
128.4832,0.3276,2.4961,94.73,0.6889,0.0098,4
118.5501,0.3302,2.4397,96.24,0.5009,0.0668,4
120.9597,0.3326,2.4463,96.524,0.5421,0.0578,4
123.8907,0.3343,2.4512,97.237,0.5957,0.0483,4
126.9412,0.3362,2.4692,96.604,0.6562,0.03,4
127.6164,0.3395,2.4598,97.789,0.6703,0.034,4
123.5388,0.345,2.4363,98.281,0.589,0.0581,4
117.2544,0.3546,2.3993,99.083,0.4797,0.0938,4
108.7307,0.3612,2.3533,99.962,0.3549,0.1368,3
106.7916,0.3644,2.3066,103.978,0.3296,0.1682,3
106.4342,0.3667,2.2844,106.111,0.3251,0.1822,3
109.9127,0.372,2.2925,106.608,0.3708,0.1717,3
115.5972,0.3839,2.3205,105.707,0.4535,0.1447,3
116.7079,0.3916,2.3119,106.836,0.4709,0.1478,3
117.9959,0.3916,2.3223,106.299,0.4917,0.139,3
119.1622,0.3872,2.3333,105.802,0.5111,0.13,3
112.7186,0.3777,2.3206,104.641,0.4103,0.1499,3
112.2107,0.3636,2.33,103.924,0.403,0.1451,3
112.1217,0.3511,2.3657,100.519,0.4017,0.1236,3
114.0307,0.3408,2.3971,98.392,0.4297,0.1012,3
113.3669,0.3309,2.3963,98.548,0.4198,0.1029,3
109.2424,0.3338,2.3729,99.097,0.3618,0.1241,3
109.8343,0.346,2.3714,99.078,0.3698,0.124,3
107.8784,0.3611,2.3377,101.26,0.3437,0.1476,3
116.2774,0.3743,2.3794,100.057,0.4641,0.1077,3
116.3702,0.3782,2.3805,99.839,0.4656,0.1069,3
120.2167,0.3732,2.4065,98.956,0.5291,0.0834,4
121.0323,0.3656,2.4096,99.274,0.5433,0.0799,4
120.0882,0.3616,2.3979,100.247,0.5269,0.0889,4
121.8475,0.3617,2.4049,100.281,0.5579,0.0809,4
127.2908,0.3635,2.4213,100.886,0.6635,0.0582,4
133.7625,0.3624,2.4636,99.293,0.814,0.0143,4
135.7949,0.3553,2.4583,101.025,0.869,0.0109,4
138.5621,0.3403,2.4784,100.654,0.9521,0,4
133.7247,0.3203,2.4906,97.926,0.813,0,4
129.6138,0.3055,2.4869,97.03,0.7139,0.0123,4
129.3492,0.2966,2.4883,97.084,0.7079,0.0122,4
131.2483,0.294,2.5132,95.368,0.7516,0,4
129.5004,0.2972,2.524,93.32,0.7113,0,4
125.7106,0.2991,2.5292,91.003,0.6312,0,4
123.8122,0.2987,2.5334,89.718,0.5942,0,4
123.9706,0.2991,2.5382,89.258,0.5972,0,4
123.0731,0.3021,2.5411,88.43,0.5803,0,4
118.0438,0.3047,2.5239,87.934,0.4925,0.0167,4
116.8542,0.307,2.5281,86.868,0.4733,0.0165,4
116.5317,0.3119,2.532,86.139,0.4681,0.0148,4
119.6065,0.3205,2.5216,88.298,0.5186,0.0149,4
119.2264,0.3335,2.5211,87.712,0.5122,0.016,4
120.3898,0.3496,2.5139,88.411,0.5321,0.018,4
119.6083,0.363,2.5044,88.588,0.5186,0.0254,4
120.9762,0.3681,2.46,93.756,0.5423,0.0494,4
119.3846,0.3651,2.4306,96.303,0.5148,0.0705,4
118.1454,0.3597,2.4482,94.066,0.4942,0.0624,4
119.6205,0.3652,2.4107,98.535,0.5189,0.0821,4
123.1885,0.3843,2.3958,101.019,0.5825,0.0834,4
133.4967,0.4069,2.4197,102.233,0.8071,0.0417,4
139.5429,0.419,2.4231,104.128,0.9843,0.0182,4
133.3847,0.4076,2.4296,101.104,0.8042,0.0361,4
125.0366,0.379,2.4325,98.115,0.6178,0.0569,4
120.3695,0.3466,2.4238,98.155,0.5317,0.0727,4
120.7006,0.3269,2.4634,94.782,0.5375,0.0479,4
117.0508,0.3256,2.4506,94.57,0.4764,0.0631,4
118.1442,0.3345,2.4696,92.695,0.4941,0.0494,4
117.0457,0.3478,2.468,91.894,0.4763,0.0526,4
118.7535,0.3579,2.4644,92.673,0.5042,0.0514,4
120.5438,0.3608,2.485,91.292,0.5348,0.0352,4
124.9977,0.3595,2.493,92.698,0.6171,0.0204,4
126.9029,0.3545,2.5,93.81,0.6554,0.0115,4
126.909,0.3516,2.4729,95.632,0.6556,0.0279,4
126.6207,0.3544,2.4724,95.45,0.6496,0.0289,4
123.4558,0.3612,2.48,96.213,0.5875,0.0318,4
132.4712,0.3696,2.441,95.032,0.7812,0.032,4
139.6758,0.3751,2.5226,95.152,0.9889,0,4
147.0916,0.3767,2.5646,93.9,1,0,4
149.0683,0.3766,2.5685,94.372,1,0,4
147.7312,0.3792,2.5348,97.284,1,0,4
144.1878,0.3888,2.5327,95.575,1,0,4
138.0235,0.4014,2.4914,96.786,0.935,0,4
127.0016,0.4093,2.4178,99.456,0.6575,0.061,4
117.4697,0.4057,2.555,98.893,0.4831,0,4
116.3929,0.3881,2.453,99.104,0.4659,0.0629,4
114.9411,0.3721,2.3821,99.254,0.4434,0.1086,3
110.0868,0.3686,2.3415,101.568,0.3732,0.1418,3
109.9818,0.3775,2.3667,98.49,0.3718,0.1266,3
111.3665,0.3906,2.3455,100.895,0.391,0.1371,3
115.3574,0.3939,2.375,102.259,0.4498,0.1121,3
112.9232,0.3891,2.3417,103.079,0.4133,0.1368,3
106.6649,0.379,2.3417,102.968,0.328,0.1471,3
104.2111,0.3688,2.3417,102.055,0.2975,0.1508,2
106.3388,0.3645,2.3417,101.42,0.3239,0.1476,3
118.5669,0.3627,2.378,101.657,0.5011,0.1041,3
121.3625,0.3632,2.388,101.81,0.5492,0.0922,4
121.073,0.3685,2.3864,101.664,0.5441,0.0938,4
120.8258,0.378,2.3734,102.594,0.5397,0.1022,3
115.7381,0.3838,2.3726,100.2,0.4557,0.1129,3
111.4721,0.385,2.3447,101.236,0.3925,0.1375,3
109.3132,0.3875,2.3281,101.959,0.3627,0.1511,3
113.226,0.3953,2.3435,101.776,0.4178,0.1351,3
115.7987,0.4083,2.3429,102.511,0.4566,0.1308,3
115.6295,0.4239,2.3134,105.015,0.454,0.149,3
115.8062,0.4393,2.3057,105.355,0.4568,0.1533,3
113.1595,0.4454,2.295,105.097,0.4168,0.1647,3
112.9953,0.4386,2.3101,103.65,0.4144,0.1558,3
108.3572,0.4244,2.3046,102.698,0.35,0.1669,3
112.6062,0.4083,2.3155,104.012,0.4087,0.1532,3
113.8254,0.397,2.3235,104.108,0.4266,0.1461,3
115.0905,0.3956,2.3218,104.918,0.4457,0.1449,3
111.3324,0.4007,2.3118,104.114,0.3905,0.1576,3
109.7481,0.4076,2.291,105.388,0.3686,0.1729,3
106.2789,0.4132,2.2538,107.616,0.3231,0.201,3
103.2433,0.4151,2.2507,106.514,0.2859,0.2073,2
96.7643,0.4151,2.2212,106.79,0.2139,0.234,1
100.262,0.4144,2.2391,106.457,0.2516,0.2185,2
104.2884,0.4118,2.2477,107.424,0.2985,0.2076,2
107.818,0.4107,2.2823,105.342,0.3429,0.1813,3
109.3857,0.4134,2.2847,105.678,0.3637,0.1773,3
105.3044,0.4163,2.2693,105.405,0.3109,0.193,3
103.7333,0.4163,2.2619,105.494,0.2918,0.1998,2
106.2369,0.4126,2.2774,105.083,0.3226,0.1867,3
103.5556,0.4065,2.2624,105.718,0.2896,0.1998,2
100.0124,0.4012,2.437,108.122,0.2488,0.0989,4
95.2175,0.3977,2.397,106.24,0.198,0.1293,3
93.4643,0.3975,2.419,107.982,0.1807,0.1181,3
93.3966,0.3969,2.371,107.45,0.18,0.1473,3
91.3687,0.3958,2.377,107.844,0.1607,0.146,3
100.5269,0.3999,2.382,108.55,0.2546,0.1316,3
113.274,0.4025,2.353,108.042,0.4185,0.1293,3
123.0551,0.4025,2.439,105.461,0.58,0.0576,4
136.1394,0.4025,2.438,102.954,0.8787,0.0901,4
137.7371,0.4025,2.46,103.67,0.9261,0.081,4
130.5943,0.4063,2.461,100.379,0.7363,0.1335,4
122.5266,0.41,2.45,97.293,0.5702,0.1881,4
117.028,0.4138,2.365,98.102,0.476,0.2269,3
109.4502,0.4175,2.3283,98.634,0.3646,0.2681,3
100.605,0.4213,2.2691,99.368,0.2554,0.3111,2
102.1699,0.425,2.2845,97.765,0.2733,0.3072,2
103.8133,0.4288,2.2279,105.13,0.2927,0.3099,2
107.0463,0.4325,2.2696,103.398,0.3329,0.2964,3
110.1651,0.428,2.395,102.842,0.3743,0.269,3
109.4769,0.4235,2.3398,99.056,0.3649,0.2723,3
104.9246,0.419,2.431,101.096,0.3062,0.2792,3
103.4994,0.4145,2.294,102.565,0.289,0.2924,2
98.6661,0.41,2.2725,103.26,0.2341,0.3079,2
105.5442,0.3736,2.2971,104.099,0.3139,0.2501,3
114.1332,0.3654,2.252,103.377,0.4312,0.213,3
119.2677,0.3561,2.3623,103.894,0.5129,0.1665,3
110.8876,0.3417,2.3267,104.482,0.3843,0.1991,3
107.9965,0.3212,2.336,102.954,0.3452,0.1937,3
103.0541,0.2985,2.347,100.398,0.2837,0.1934,2
99.0815,0.2827,2.3632,97.473,0.2386,0.1928,2
98.4957,0.2796,2.3824,95.278,0.2322,0.1898,2
102.1315,0.2875,2.4261,91.935,0.2729,0.178,2
95.9839,0.2983,2.403,90.92,0.2058,0.2103,1
97.6238,0.3119,2.441,92.665,0.2229,0.2117,2
98.4269,0.3227,2.456,92.124,0.2315,0.2165,2
99.4169,0.3337,2.461,93.907,0.2422,0.2219,2
96.3847,0.3503,2.471,91.919,0.21,0.2452,1
92.6357,0.3718,2.465,93.377,0.1727,0.2761,1
93.4944,0.3868,2.448,95.591,0.181,0.2881,1
95.6585,0.3905,2.422,95.649,0.2025,0.2869,1
98.7511,0.3832,2.407,96.917,0.235,0.2717,2
100.4047,0.3683,2.411,98.445,0.2532,0.2528,2
100.4784,0.3556,2.39,97.069,0.254,0.2439,2
102.204,0.3451,2.429,96.028,0.2737,0.2249,2
102.0687,0.3388,2.449,93.808,0.2722,0.2181,2
100.7723,0.3375,2.441,91.698,0.2573,0.2224,2
102.9573,0.3403,2.455,91.505,0.2825,0.2155,2
104.8691,0.3474,2.452,93.204,0.3056,0.2146,3
107.6726,0.3531,2.428,94.802,0.341,0.2108,3
108.2439,0.3514,2.469,95.669,0.3485,0.203,3
108.7842,0.3464,2.434,95.65,0.3556,0.1999,3
106.6585,0.3519,2.394,96.889,0.3279,0.2172,3
105.2882,0.3671,2.426,97.645,0.3107,0.2324,3
105.635,0.3849,2.432,97.312,0.315,0.246,3
108.0591,0.3972,2.43,96.514,0.346,0.2473,3
113.742,0.3974,2.431,98.229,0.4254,0.2228,3
114.3039,0.3877,2.385,98.092,0.4338,0.2155,3
115.7585,0.3757,2.406,96.933,0.456,0.1963,3
119.2369,0.3651,2.4313,96.167,0.5123,0.1672,3
122.6234,0.3565,2.4438,96.653,0.572,0.14,4
122.1215,0.3529,2.4314,97.892,0.5628,0.1409,4
116.241,0.3499,2.4053,98.165,0.4636,0.1721,3
115.2077,0.3469,2.3985,98.542,0.4475,0.1753,3
117.5172,0.3442,2.3636,103.402,0.4839,0.1658,3
125.168,0.3408,2.41,103.263,0.6204,0.1151,4
136.712,0.3373,2.4,101.39,0.8953,0.0306,4
148.7389,0.3396,2.395,105.136,1,0,4
158.9741,0.3465,2.39,106.721,1,0,4
186.8209,0.3542,2.385,106.299,1,0.0054,4
209.3513,0.3626,2.38,105.028,1,0.0154,4
201.4213,0.3716,2.38,105.913,1,0.0246,4
183.8234,0.3789,2.38,107.629,1,0.0314,4
146.7145,0.378,2.376,107.576,1,0.0309,4
111.8283,0.3639,2.372,108.791,0.3976,0.2079,3
100.4391,0.3307,2.368,106.331,0.2536,0.2258,2
97.5003,0.2885,2.364,101.845,0.2216,0.2025,2
94.2755,0.2519,2.36,97.228,0.1886,0.1847,2
90.8189,0.2341,2.375,96.842,0.1556,0.1791,2
91.5083,0.2345,2.39,96.179,0.162,0.1753,2
102.4366,0.2432,2.4656,89.462,0.2764,0.1368,3
107.901,0.2511,2.4727,90.856,0.344,0.1212,3
113.3937,0.2552,2.5033,89.882,0.4202,0.0971,4
115.5754,0.2594,2.5087,90.121,0.4532,0.0896,4
113.9404,0.2664,2.5138,88.595,0.4283,0.1023,3
116.5082,0.275,2.5202,88.74,0.4678,0.0964,4
117.2939,0.2836,2.5158,89.244,0.4803,0.1,3
116.0391,0.2915,2.5065,89.39,0.4604,0.1137,3
110.7675,0.3003,2.476,89.976,0.3826,0.1485,3
108.4348,0.312,2.4396,92.399,0.351,0.1721,3
108.9036,0.319,2.429,93.493,0.3572,0.1771,3
111.0038,0.3148,2.4378,93.639,0.3859,0.1637,3
109.8784,0.2975,2.4414,93.384,0.3704,0.1541,3
111.9895,0.2683,2.4844,90.798,0.3999,0.1162,3
113.5871,0.2393,2.525,88.223,0.4231,0.0809,4
116.3742,0.2221,2.5537,87.036,0.4656,0.0505,4
116.8187,0.2202,2.5725,85.285,0.4727,0.0445,4
115.1089,0.2293,2.5624,85.274,0.446,0.0612,4
115.3613,0.2414,2.5902,81.968,0.4499,0.0665,4
116.8567,0.2518,2.5569,85.81,0.4733,0.0715,4
119.9114,0.255,2.5819,84.385,0.5238,0.0555,4
121.1221,0.2531,2.5837,84.807,0.5449,0.0472,4
122.2409,0.2524,2.5831,85.397,0.565,0.0405,4
118.33,0.2537,2.5513,87,0.4972,0.0663,4
116.0872,0.2557,2.553,85.752,0.4611,0.0789,4
115.1887,0.2573,2.5511,85.497,0.4472,0.0847,4
115.9629,0.2568,2.5596,84.945,0.4592,0.0797,4
122.9491,0.253,2.6172,82.042,0.578,0.0332,4
126.1088,0.2529,2.6251,82.612,0.6392,0.0131,4
130.0663,0.2586,2.6235,84.332,0.7241,0,4
131.0259,0.2652,2.6141,85.528,0.7463,0,4
134.1853,0.2691,2.6141,86.8,0.8251,0,4
136.2912,0.2698,2.6137,87.752,0.8831,0,4
139.2892,0.2687,2.6226,88.178,0.9758,0,4
138.4351,0.2711,2.5828,91.967,0.948,0,4
133.3448,0.2778,2.5518,92.765,0.8032,0,4
130.1627,0.2828,2.5175,94.836,0.7263,0.0227,4
126.453,0.2881,2.458,99.353,0.6462,0.0593,4
122.7216,0.2982,2.4225,101.115,0.5738,0.0941,4
112.496,0.3209,2.371,101.234,0.4071,0.1198,3
104.0475,0.3608,2.2935,104.292,0.2956,0.1803,2
101.6696,0.3944,2.2914,102.224,0.2675,0.1849,2
103.0352,0.4061,2.3066,100.773,0.2835,0.1737,2
109.1428,0.3951,2.3459,99.697,0.3604,0.1406,3
114.5085,0.3721,2.4183,95.187,0.4369,0.0875,4
119.5908,0.357,2.4226,97.552,0.5184,0.075,4
122.6852,0.3496,2.4898,92.009,0.5731,0.0276,4
123.3996,0.3459,2.4997,91.402,0.5864,0.02,4
119.8005,0.3396,2.49,91.071,0.5219,0.0337,4
113.0547,0.3321,2.4437,93.284,0.4152,0.0747,4
110.1715,0.334,2.3989,96.726,0.3744,0.1068,3
108.0386,0.3471,2.3479,100.754,0.3458,0.1412,3
107.65,0.3651,2.3407,100.69,0.3407,0.1462,3
104.022,0.379,2.2988,103.041,0.2952,0.177,2
102.6828,0.3863,2.2803,104.16,0.2793,0.1902,2
99.7252,0.3951,2.223,108.645,0.2456,0.229,2
98.0506,0.4018,2.2373,106.118,0.2274,0.2225,2
96.6168,0.4167,2.2082,108.049,0.2124,0.242,1
98.3902,0.4474,2.224,106.024,0.2311,0.2301,2
95.141,0.4745,2.158,110.644,0.1973,0.2743,1
92.5,0.4945,2.0968,115.279,0.1714,0.3145,1
90.0933,0.5073,2.0867,114.822,0.149,0.3234,1
96.8554,0.5132,2.117,114.383,0.2148,0.297,1
96.3382,0.5218,2.1029,115.344,0.2095,0.3062,1
97.8932,0.5376,2.0621,119.822,0.2258,0.3289,2
94.4544,0.5468,2.0726,116.827,0.1904,0.3269,1
91.5362,0.5382,2.0763,115.444,0.1623,0.328,1
90.9402,0.5094,2.0971,114.003,0.1567,0.3161,1
94.6977,0.4733,2.1704,109.168,0.1928,0.2673,1
99.3488,0.444,2.2353,105.375,0.2415,0.2221,2
98.5618,0.429,2.2248,106.688,0.2329,0.2294,2
96.568,0.4281,2.2041,108.052,0.2119,0.2446,1
97.1947,0.4356,2.1804,110.59,0.2184,0.2581,1
101.5497,0.4416,2.2275,107.271,0.2662,0.2238,2
106.4924,0.4429,2.2519,106.827,0.3258,0.2018,3
110.4802,0.4367,2.3032,103.336,0.3786,0.1643,3
115.0206,0.4223,2.373,98.425,0.4446,0.114,3
120.7343,0.4053,2.4348,94.988,0.5381,0.0652,4
128.5973,0.3936,2.5051,91.396,0.6914,0.004,4
133.2571,0.386,2.5338,90.686,0.801,0,4
125.3184,0.377,2.5065,90.397,0.6234,0.0114,4
124.7229,0.3656,2.504,90.818,0.6117,0.0144,4
123.5921,0.3541,2.5076,90.344,0.59,0.0148,4
118.914,0.3471,2.462,94.56,0.5069,0.0525,4
111.805,0.3532,2.345,98.317,0.3972,0.1367,3
104.1735,0.3736,2.3055,102.596,0.2971,0.1728,2
98.6025,0.4009,2.251,104.94,0.2334,0.2135,2
98.7724,0.427,2.2183,107.556,0.2352,0.2331,2
96.2273,0.4464,2.1882,108.933,0.2083,0.2546,1
96.3592,0.4537,2.1785,109.759,0.2097,0.2603,1
91.899,0.4457,2.1901,106.817,0.1657,0.2586,1
98.065,0.4289,2.2168,107.326,0.2276,0.2349,2
106.2908,0.4109,2.2852,104.344,0.3233,0.1819,3
108.0087,0.4019,2.3076,103.043,0.3454,0.1657,3
107.3397,0.4017,2.2699,106.788,0.3367,0.1896,3
89.0986,0.4026,2.1894,107.223,0.14,0.2622,1
93.2033,0.4022,2.2253,105.23,0.1781,0.2358,1
94.8778,0.3902,2.2036,108.739,0.1946,0.247,1
92.5803,0.3672,2.2138,107.467,0.1721,0.2435,1
93.8941,0.3451,2.31,98.565,0.1849,0.1836,2
95.914,0.3322,2.2984,101.186,0.2051,0.1882,2
98.9751,0.3241,2.3379,98.616,0.2374,0.1603,2
98.1766,0.3193,2.348,97.356,0.2288,0.1553,2
101.7216,0.3162,2.388,94.77,0.2681,0.1263,3
114.8043,0.3114,2.462,92.87,0.4413,0.0604,4
121.3567,0.3051,2.501,91.854,0.5491,0.0238,4
122.7069,0.3015,2.5203,90.524,0.5735,0.0091,4
118.5561,0.2981,2.5125,89.623,0.501,0.0226,4
121.8601,0.2902,2.5311,89.398,0.5581,0.0044,4
130.2518,0.283,2.5678,89.484,0.7284,0,4
135.9195,0.2817,2.6231,86.142,0.8725,0,4
132.2455,0.2885,2.6034,86.363,0.7757,0,4
132.4838,0.3064,2.4334,104.001,0.7816,0.0365,4
132.4354,0.339,2.4264,103.529,0.7804,0.0409,4
129.1062,0.3773,2.3633,107.402,0.7025,0.0886,4
123.8746,0.4158,2.2902,111.476,0.5954,0.1459,4
109.3643,0.4456,2.2118,112.289,0.3634,0.2215,3
103.3308,0.4599,2.1595,114.669,0.287,0.2625,2
100.2321,0.4636,2.1802,110.94,0.2513,0.2543,2
104.3788,0.4617,2.1994,110.806,0.2996,0.2368,2
106.7538,0.4559,2.2523,106.418,0.3291,0.2011,3
106.6268,0.442,2.3695,94.333,0.3275,0.1303,3
101.1636,0.4187,2.3493,94.906,0.2618,0.1505,2
106.9788,0.3918,2.4486,87.869,0.332,0.0818,4
111.4685,0.3622,2.4647,89.227,0.3925,0.0647,4
115.5376,0.3397,2.3601,103.057,0.4526,0.1208,3
119.0837,0.3301,2.3845,102.389,0.5098,0.0991,4
114.8044,0.329,2.4704,91.323,0.4413,0.0553,4
116.5759,0.339,2.3904,100.306,0.4688,0.1005,3
116.8764,0.3579,2.3818,100.667,0.4736,0.1051,3
113.8317,0.3754,2.3079,106.582,0.4267,0.1556,3
116.2528,0.3831,2.2686,111.576,0.4637,0.1749,3
115.9665,0.3799,2.2632,112.145,0.4592,0.1787,3
112.2281,0.3733,2.2558,111.512,0.4033,0.19,3
113.6015,0.369,2.3114,106.331,0.4233,0.1539,3
110.2704,0.3671,2.312,104.853,0.3758,0.1593,3
107.3113,0.3604,2.2767,107.551,0.3363,0.1855,3
97.1853,0.3493,2.2384,107.541,0.2183,0.223,1
96.352,0.3344,2.216,110.119,0.2096,0.2376,1
98.1469,0.3218,2.2421,108.587,0.2285,0.2195,2
102.0193,0.3194,2.2643,108.022,0.2716,0.2008,2
111.249,0.3268,2.3381,103.975,0.3894,0.1418,3
118.2629,0.3402,2.408,99.139,0.4961,0.0866,4
120.3264,0.375,2.3826,102.203,0.531,0.0977,4
123.3778,0.365,2.3668,104.705,0.586,0.1006,4
123.1157,0.355,2.3122,110.069,0.5811,0.1343,4
109.9203,0.345,2.1984,116.315,0.371,0.2288,3
106.4029,0.335,2.1834,116.064,0.3247,0.2434,3
99.6673,0.325,2.1592,115.04,0.245,0.2677,2
99.3304,0.32,2.1358,116.741,0.1863,0.272,1
98.803,0.315,2.1595,113.39,0.1957,0.2641,1
97.687,0.315,2.1572,112.689,0.1898,0.2659,1
96.4459,0.315,2.1375,114.013,0.1703,0.2719,1
97.1871,0.315,2.1928,108.403,0.215,0.2581,1
91.3336,0.315,2.1821,107.159,0.1861,0.267,1
91.2101,0.315,2.1928,106.577,0.1938,0.2646,1
93.7734,0.321,2.2316,104.52,0.2401,0.2563,2
94.8841,0.327,2.2525,103.875,0.2678,0.2537,2
96.2872,0.333,2.2593,104.727,0.286,0.2541,2
100.8111,0.339,2.2602,107.418,0.3116,0.2522,3
99.6473,0.345,2.255,108.106,0.311,0.2583,3
96.0262,0.335,2.2363,108.947,0.2702,0.261,2
85.9882,0.2996,2.1945,109.066,0.1576,0.2604,1
79.3039,0.3046,2.1566,109.952,0.1149,0.2787,1
73.6943,0.3161,2.1487,107.873,0.1081,0.2923,1
71.4503,0.3304,2.1452,106.725,0.1182,0.3035,1
71.7911,0.3433,2.1937,101.214,0.1729,0.2994,1
74.7965,0.3477,2.1915,102.628,0.1851,0.3,1
77.9116,0.3408,2.2109,102.198,0.1997,0.2886,1
82.6956,0.3277,2.2402,101.672,0.2191,0.2696,1
83.9599,0.3102,2.2613,100.626,0.2159,0.253,1
83.5711,0.2951,2.2539,101.792,0.1894,0.2462,1
80.1047,0.2868,2.2377,102.283,0.1557,0.2483,1
79.8436,0.283,2.2792,97.865,0.1815,0.2365,1
82.621,0.2793,2.3252,94.33,0.2199,0.2209,1
83.2909,0.2738,2.319,95.485,0.2101,0.2185,1
85.0974,0.2669,2.4043,87.418,0.2716,0.1925,2
85.3832,0.2613,2.4328,84.704,0.2868,0.1822,2
80.6911,0.2593,2.4198,84.076,0.2599,0.1886,2
78.527,0.2582,2.4223,82.881,0.2414,0.1087,3
74.6206,0.2565,2.3865,85.026,0.2052,0.1348,3
68.8997,0.2566,2.3255,89.002,0.1565,0.1777,2
65.06,0.2634,2.2848,91.391,0.1264,0.206,1
59.8231,0.2761,2.2071,96.905,0.0887,0.2577,1
58.2631,0.2904,2.1855,98.001,0.0781,0.2721,1
57.9928,0.302,2.1431,101.989,0.0763,0.298,1
58.3934,0.309,2.1262,103.717,0.079,0.3079,1
59.6789,0.309,2.1254,104.372,0.0877,0.3073,1
58.5432,0.3048,2.1222,104.367,0.08,0.3102,1
58.7773,0.3001,2.1317,103.62,0.0816,0.3042,1
59.5399,0.2971,2.1384,103.363,0.0868,0.2996,1
59.8391,0.2993,2.1397,103.271,0.0888,0.2985,1
59.7954,0.3049,2.1411,102.893,0.0885,0.2977,1
61.7522,0.3099,2.1388,103.838,0.1022,0.2974,1
61.8596,0.3092,2.1446,103.289,0.103,0.2938,1
65.6629,0.3007,2.1716,102.402,0.131,0.274,1
70.9304,0.2897,2.2144,100.585,0.1732,0.243,1
75.9254,0.2829,2.2711,96.988,0.217,0.2033,1
78.7222,0.2797,2.2955,95.745,0.2432,0.1854,2
75.2503,0.2781,2.284,95.484,0.2108,0.1962,2
69.4252,0.2777,2.2787,93.472,0.1607,0.2056,1
64.7405,0.279,2.2386,95.626,0.124,0.2343,1
63.3043,0.2831,2.2225,96.549,0.1134,0.2453,1
62.6938,0.2898,2.1695,101.704,0.1089,0.278,1
62.8606,0.2955,2.1624,102.328,0.1102,0.2821,1
63.7339,0.2952,2.1544,103.586,0.1165,0.2862,1
63.3279,0.2949,2.166,102.173,0.1136,0.2795,1
63.9113,0.2986,2.1661,102.288,0.1179,0.279,1
62.5231,0.3057,2.1487,103.275,0.1077,0.2908,1
61.9155,0.3122,2.1375,103.964,0.1034,0.2981,1
62.2806,0.3201,2.125,105.169,0.106,0.3053,1
59.6636,0.3279,2.1127,105.037,0.0876,0.315,1
56.8231,0.3348,2.0957,105.338,0.0687,0.3276,1
54.7989,0.3427,2.1086,102.757,0.0558,0.3213,1
58.4829,0.3461,2.1311,101.874,0.0796,0.3048,1
56.8497,0.3429,2.1272,101.68,0.0688,0.3085,1
53.1982,0.3395,2.1117,101.831,0.0459,0.3207,1
52.2359,0.3405,2.0873,103.978,0.0401,0.3362,1
52.8925,0.3419,2.1057,102.254,0.0441,0.3246,1
58.7441,0.3386,2.1166,103.814,0.0814,0.3134,1
58.5588,0.3303,2.123,103.352,0.0801,0.3097,1
58.0348,0.3177,2.1339,102.419,0.0766,0.3035,1
52.6566,0.304,2.1198,102.03,0.0426,0.3162,1
50.8116,0.2974,2.132,100.136,0.0318,0.3101,1
53.0839,0.2922,2.1592,98.427,0.0452,0.2919,1
54.7426,0.2871,2.1751,97.657,0.0554,0.2811,1
55.7135,0.2841,2.1799,97.692,0.0615,0.2775,1
49.1696,0.2846,2.1482,98.138,0.0224,0.3014,1
47.4329,0.2888,2.1385,98.249,0.0128,0.3084,1
45.8394,0.2967,2.1219,99.027,0.0044,0.3195,1
49.5068,0.3026,2.1522,97.21,0.0243,0.2988,1
52.2305,0.3015,2.1859,94.85,0.0401,0.2764,1
58.35,0.2967,2.2341,92.599,0.0787,0.2425,1
65.5435,0.29,2.2737,91.825,0.1301,0.2123,1
74.1297,0.2854,2.3127,91.649,0.2008,0.1801,2
89.4305,0.2873,2.4007,88.986,0.3569,0.1078,3
107.3964,0.2952,2.457,85.651,0.6093,0.0431,4
96.8083,0.3006,2.4267,89.017,0.4494,0.0809,4
82.2465,0.2996,2.3183,94.148,0.2782,0.1673,2
70.6001,0.2902,2.253,96.473,0.1704,0.2199,1
59.9599,0.275,2.2083,97.134,0.0896,0.2568,1
55.0962,0.2817,2.1917,102.399,0.0576,0.2708,1
54.8924,0.2883,2.175,105.098,0.0563,0.281,1
55.1479,0.295,2.1583,103.597,0.058,0.291,1
55.234,0.3,2.1556,101.153,0.0585,0.2926,1
58.1319,0.305,2.1528,101.965,0.0773,0.292,1
53.4523,0.305,2.15,102.179,0.0474,0.2973,1
55.3695,0.305,2.1472,102.867,0.0593,0.2975,1
52.5793,0.305,2.1444,103.834,0.0422,0.3013,1
53.016,0.31,2.1417,103.08,0.0448,0.3027,1
51.3583,0.315,2.1361,102.837,0.0349,0.3072,1
55.6275,0.32,2.1306,102.339,0.061,0.3074,1
57.0857,0.325,2.125,103.135,0.0704,0.3097,1
58.6001,0.3248,2.125,103.029,0.0804,0.3084,1
59.597,0.3268,2.125,103.502,0.0872,0.3076,1
60.9948,0.3224,2.125,103.974,0.0968,0.3064,1
62.0372,0.3161,2.125,104.283,0.1042,0.3055,1
64.7298,0.3105,2.125,104.069,0.124,0.3032,1
67.7744,0.3049,2.1375,103.64,0.1475,0.2927,1
68.483,0.2955,2.15,105.368,0.1531,0.2845,1
66.738,0.2851,2.1625,102.955,0.1393,0.2786,1
66.2546,0.2769,2.175,99.39,0.1356,0.2714,1
67.0248,0.273,2.2311,97.66,0.1415,0.2367,1
67.336,0.2748,2.2415,96.62,0.144,0.2301,1
72.7292,0.2796,2.2725,95.539,0.1885,0.206,1
76.3939,0.2827,2.2897,95.213,0.2213,0.1915,2
76.7761,0.2796,2.2902,95.452,0.2248,0.1908,2
74.8436,0.2685,2.2768,96.43,0.2072,0.2011,1
70.7612,0.2514,2.2781,95.096,0.1718,0.2046,1
72.8392,0.2394,2.302,93.899,0.1895,0.1879,2
74.2918,0.2386,2.3295,91.644,0.2022,0.1698,2
75.3512,0.2515,2.3414,90.367,0.2117,0.1614,2
80.4442,0.2737,2.345,90.662,0.2601,0.1533,2
83.3529,0.293,2.204,91.586,0.2897,0.2352,2
90.2347,0.2998,2.138,93.281,0.3663,0.2659,3
88.932,0.2946,2.159,95.043,0.3511,0.255,3
86.1272,0.2823,2.282,95.67,0.3194,0.1843,3
77.4046,0.2678,2.318,94.996,0.2307,0.1732,2
71.7717,0.2595,2.24,93.197,0.1803,0.2266,1
72.7158,0.2571,2.3144,91.879,0.1884,0.1806,2
72.639,0.2583,2.3145,91.789,0.1877,0.1806,2
74.8315,0.2593,2.3215,91.974,0.2071,0.174,2
77.9102,0.2609,2.3444,90.839,0.2355,0.1567,2
80.5456,0.2652,2.3605,90.138,0.2611,0.1438,3
82.7139,0.2691,2.3499,92.098,0.283,0.1476,3
86.7251,0.2722,2.3661,92.041,0.326,0.1325,3
94.1295,0.2721,2.4067,91.003,0.4143,0.0972,4
97.5564,0.2617,2.4493,88.356,0.4596,0.0659,4
98.2823,0.2492,2.4554,88.49,0.4696,0.061,4
98.6871,0.2388,2.4791,86.513,0.4752,0.046,4
106.0655,0.2344,2.533,84.202,0.587,0,4
114.3333,0.2404,2.5677,83.949,0.7379,0,4
116.0137,0.2508,2.5674,84.348,0.773,0,4
113.279,0.2639,2.5401,85.571,0.7168,0,4
110.5244,0.28,2.4928,88.816,0.6644,0.0147,4
103.8053,0.2977,2.4234,92.591,0.5508,0.0706,4
107.0691,0.3173,2.3899,96.919,0.6037,0.0845,4
107.6979,0.3297,2.3751,98.326,0.6144,0.0921,4
109.1902,0.3305,2.3787,98.573,0.6403,0.0868,4
109.3546,0.3214,2.3883,97.961,0.6433,0.0807,4
107.2523,0.3058,2.4103,95.242,0.6068,0.0717,4
109.3849,0.2979,2.4348,93.861,0.6438,0.0524,4
108.5497,0.3054,2.29,93.247,0.6291,0.1419,4
112.9261,0.3168,2.4438,93.784,0.7099,0.0389,4
118.388,0.3235,2.4478,95.547,0.8258,0.0225,4
112.3854,0.3341,2.4056,96.998,0.6994,0.0634,4
108.3125,0.3545,2.363,98.991,0.625,0.0982,4
105.9637,0.3853,2.343,98.946,0.5854,0.1151,4
103.0388,0.4119,2.3051,100.72,0.539,0.1437,3
103.9773,0.4128,2.3363,97.772,0.5535,0.123,4
110.4074,0.3844,2.3846,96.518,0.6623,0.0806,4
118.7132,0.3462,2.4017,99.788,0.8334,0.0495,4
123.3004,0.3163,2.4148,101.529,0.9505,0.0273,4
120.838,0.303,2.4199,100.371,0.885,0.0322,4
125.0609,0.2983,2.3798,106.724,1,0.0426,4
122.9345,0.2916,2.4144,102.316,0.9403,0.0288,4
119.6713,0.2885,2.4047,102.009,0.8562,0.0449,4
111.8318,0.2932,2.4173,96.997,0.6888,0.0576,4
106.1079,0.3028,2.4184,93.971,0.5877,0.0691,4
106.2567,0.312,2.3955,96.151,0.5902,0.0827,4
110.7066,0.3202,2.4378,93.304,0.6677,0.0476,4
113.91,0.3263,2.4403,94.243,0.7294,0.0387,4
112.1675,0.3309,2.4248,94.964,0.6952,0.0522,4
105.0205,0.3343,2.3061,104.346,0.5701,0.1393,4
102.0997,0.3324,2.3002,103.748,0.5247,0.1484,3
100.1599,0.3256,2.3603,96.691,0.4961,0.1154,3
105.9331,0.3205,2.3941,95.845,0.5849,0.0842,4
105.1215,0.3221,2.3947,95.355,0.5717,0.0854,4
106.4522,0.3298,2.4,95.107,0.5934,0.0796,4
112.6228,0.335,2.4683,90.359,0.704,0.0248,4
119.9014,0.3372,2.4894,91.269,0.8618,0,4
122.0519,0.3372,2.5016,90.919,0.9165,0,4
124.8779,0.3378,2.4891,93.502,0.9963,0,4
123.4832,0.3509,2.4277,98.969,0.9556,0.0189,4
120.5053,0.3699,2.3802,102.021,0.8767,0.0572,4
111.4507,0.3914,2.2453,111.631,0.6816,0.1627,4
98.759,0.4154,2.1419,116.147,0.4762,0.2502,3
93.8707,0.4331,2.1331,114.265,0.411,0.2635,3
91.4068,0.4406,2.1285,113.377,0.3804,0.2699,3
88.9312,0.4449,2.1425,110.617,0.3511,0.265,3
81.0688,0.4508,2.1106,110.301,0.2663,0.2946,2
82.988,0.4531,2.2032,101.172,0.2859,0.2361,2
85.0924,0.4519,2.2305,99.229,0.3082,0.2169,3
84.7236,0.4375,2.3554,86.236,0.3042,0.1417,3
86.4154,0.4016,2.3778,85.901,0.3226,0.1258,3
93.6349,0.3542,2.3407,94.835,0.408,0.138,3
105.076,0.3178,2.3881,96.205,0.571,0.0895,4
112.6778,0.2983,2.3065,109.035,0.705,0.1227,4
113.9829,0.2977,2.3112,109.143,0.7308,0.1168,4
112.6517,0.3164,2.2908,110.049,0.7045,0.1323,4
108.8423,0.345,2.2394,112.79,0.6342,0.1719,4
110.3775,0.3727,2.2494,111.395,0.6617,0.1626,4
104.2905,0.3952,2.2157,111.465,0.5584,0.1955,4
102.4337,0.4062,2.1489,117.374,0.5297,0.2395,3
96.7956,0.4035,2.1405,115.863,0.4492,0.2544,3
100.8032,0.3944,2.1313,118.964,0.5055,0.2531,3
102.5896,0.3946,2.1506,117.685,0.5321,0.2382,3
104.9591,0.4022,2.1575,117.734,0.5691,0.2295,4
104.6366,0.4199,2.1323,119.629,0.5639,0.2454,4
97.9851,0.4454,2.1088,118.248,0.4655,0.2716,3
94.4465,0.4551,2.0912,118.194,0.4183,0.288,3
93.7123,0.4569,2.0967,117.21,0.409,0.2857,3
96.9115,0.4558,2.1657,111.296,0.4508,0.2389,3
106.4255,0.4513,2.2341,108.383,0.593,0.1802,4
113.1794,0.4467,2.2827,106.371,0.7148,0.136,4
114.9959,0.44,2.3061,104.92,0.7516,0.1173,4
116.7662,0.4165,2.3205,105.034,0.7893,0.104,4
122.4714,0.3834,2.3763,102.817,0.9277,0.0534,4
127.0196,0.3578,2.4343,99.586,1,0.0095,4
115.9212,0.3459,2.3616,102.841,0.771,0.0813,4
111.2577,0.3528,2.286,108.601,0.678,0.1384,4
107.4867,0.3729,2.2853,106.251,0.6108,0.147,4
101.0947,0.3924,2.241,107.431,0.5098,0.1861,3
91.7263,0.4066,2.1739,109.907,0.3843,0.242,3
96.1204,0.416,2.1949,109.28,0.4402,0.2225,3
98.9251,0.417,2.1963,110.343,0.4785,0.217,3
99.0175,0.4132,2.2143,108.596,0.4798,0.2059,3
91.357,0.4116,2.1704,109.93,0.3798,0.2446,3
85.397,0.4157,2.1149,113.064,0.3115,0.2866,3
85.7936,0.4201,2.1202,112.512,0.3158,0.2828,3
88.9074,0.4224,2.1303,112.741,0.3508,0.2725,3
90.5893,0.4243,2.1091,115.69,0.3705,0.2829,3
84.333,0.4243,2.1072,113.097,0.3,0.2926,3
92.7742,0.4232,2.1565,111.63,0.3972,0.2509,3
103.8459,0.4203,2.2095,111.01,0.5515,0.2002,4
105.0109,0.4124,2.2393,108.628,0.5699,0.1798,4
105.9651,0.3991,2.2307,110.464,0.5854,0.1832,4
100.2948,0.3886,2.1827,113.453,0.4981,0.2229,3
95.2123,0.3871,2.1523,114.486,0.4283,0.2497,3
94.4711,0.3916,2.129,116.489,0.4187,0.265,3
94.3844,0.3966,2.2272,105.762,0.4175,0.2057,3
96.0843,0.3993,2.2304,106.073,0.4397,0.201,3
89.987,0.3975,2.191,107.64,0.3634,0.2341,3
89.8373,0.3951,2.1761,109.257,0.3616,0.2434,3
91.8173,0.3925,2.1474,113.301,0.3854,0.2579,3
102.3821,0.3915,2.2046,111.933,0.529,0.2058,3
110.1893,0.3956,2.2549,109.886,0.6583,0.1597,4
111.3474,0.4031,2.2896,106.408,0.6797,0.136,4
108.8194,0.4052,2.2724,107.044,0.6338,0.152,4
108.6861,0.397,2.301,104.23,0.6315,0.135,4
109.3614,0.3796,2.3145,103.718,0.6434,0.1253,4
107.1175,0.3543,2.3418,100.728,0.6045,0.1135,4
105.336,0.329,2.3577,99.164,0.5751,0.1075,4
111.2912,0.3091,2.3712,101.104,0.6786,0.0867,4
118.4665,0.2953,2.419,99.692,0.8276,0.0397,4
122.572,0.2885,2.4392,99.612,0.9304,0.015,4
115.0884,0.2898,2.4138,98.947,0.7535,0.0518,4
114.6306,0.2981,2.4283,96.884,0.744,0.0442,4
120.0535,0.31,2.4145,100.35,0.8655,0.0378,4
125.0718,0.3179,2.4535,98.128,1,0,4
121.4265,0.3163,2.4514,96.774,0.9001,0.0112,4
119.5497,0.3123,2.4592,95.257,0.8532,0.0122,4
119.5784,0.3088,2.452,96.164,0.8539,0.0165,4
119.6731,0.3073,2.4407,97.471,0.8562,0.0231,4
118.7028,0.3109,2.4395,97.039,0.8331,0.0266,4
114.4434,0.3203,2.416,97.309,0.7402,0.0521,4
111.3552,0.3367,2.3266,104.893,0.6798,0.1136,4
113.326,0.361,2.3022,107.488,0.7177,0.1238,4
114.0919,0.3924,2.2836,108.667,0.733,0.1332,4
113.77,0.4243,2.2716,108.64,0.7266,0.1412,4
101.9724,0.447,2.1533,115.205,0.5228,0.2377,3
94.9833,0.459,2.1328,113.844,0.4253,0.2619,3
89.9274,0.4637,2.1512,109.445,0.3627,0.2584,3
90.1242,0.4648,2.1797,106.437,0.365,0.2408,3
85.331,0.4698,2.1668,105.493,0.3107,0.2552,3
82.7998,0.4702,2.1612,104.948,0.2839,0.2618,2
83.6094,0.4634,2.2019,101.21,0.2924,0.2361,2
88.0325,0.4495,2.228,100.905,0.3407,0.2145,3
92.9062,0.4252,2.2404,102.632,0.3988,0.1999,3
96.5502,0.3982,2.2741,101.645,0.4459,0.1738,3
99.5445,0.377,2.2865,102.436,0.4873,0.1613,3
105.1201,0.3604,2.3024,103.83,0.5717,0.1414,4
115.4946,0.3449,2.3615,102.702,0.762,0.0825,4
128.6498,0.3354,2.4148,103.22,1,0.0214,4
137.1728,0.3297,2.4626,102.11,1,0,4
139.2552,0.3242,2.4743,101.998,1,0,4
136.2387,0.3212,2.4689,101.339,1,0,4
125.6886,0.3241,2.4052,103.339,1,0.0272,4
112.1144,0.3328,2.2948,108.775,0.6942,0.1311,4
109.7052,0.3484,2.2774,108.988,0.6495,0.1471,4
103.835,0.3665,2.257,107.888,0.5513,0.1713,4
110.5179,0.3832,2.2766,108.168,0.6643,0.1458,4
108.1374,0.3994,2.2713,107.075,0.6219,0.1541,4
109.8487,0.4073,2.3165,102.716,0.6521,0.1231,4
104.3745,0.4054,2.3327,98.602,0.5598,0.1244,4
101.586,0.3945,2.3439,96.562,0.517,0.1228,3
99.9426,0.3712,2.4129,89.299,0.493,0.0839,4
99.8821,0.3418,2.4149,90.133,0.4921,0.0828,4
96.7031,0.3204,2.4316,87.717,0.448,0.0781,4
89.2494,0.3282,2.2115,107.652,0.3548,0.2227,3
81.5649,0.3684,2.1277,111.722,0.2713,0.2837,2
84.2017,0.4214,2.096,114.347,0.2986,0.2996,2
89.6105,0.4572,2.1199,112.886,0.359,0.2777,3
93.9502,0.4602,2.1887,107.348,0.412,0.2296,3
96.5919,0.4314,2.2305,105.113,0.4465,0.2001,3
99.0439,0.3942,2.2518,105.296,0.4802,0.1831,3
104.6149,0.3707,2.3199,101.356,0.5636,0.1318,4
109.7271,0.3569,2.384,97.286,0.6499,0.0825,4
111.1902,0.3603,2.4376,92.079,0.6767,0.0467,4
105.8653,0.3899,2.3784,94.95,0.5837,0.0938,4
96.2362,0.444,2.3424,92.52,0.4418,0.1329,3
87.4011,0.4966,2.3003,91.152,0.3336,0.1715,3
83.318,0.5226,2.0697,113.055,0.2893,0.3166,2
81.3962,0.5171,2.0676,112.623,0.2696,0.3203,2
87.1261,0.5046,2.0411,118.477,0.3305,0.329,3
85.8958,0.5227,2.0673,114.463,0.3169,0.3148,3
88.6494,0.5606,2.1249,108.135,0.3478,0.2761,3
90.8355,0.5896,2.2321,96.575,0.3735,0.208,3
86.7389,0.5855,2.193,99.078,0.3262,0.2374,3
86.6218,0.5435,2.2716,92.156,0.3249,0.1899,3
88.672,0.4815,2.334,88.665,0.3481,0.1493,3
92.5277,0.4234,2.199,106.966,0.3941,0.2256,3
88.2466,0.3817,2.3054,95.198,0.3432,0.1672,3
98.1185,0.3549,2.4487,85.251,0.4673,0.0654,4
106.3897,0.3453,2.4643,87.624,0.5924,0.0407,4
107.2553,0.3579,2.4283,91.402,0.6069,0.0608,4
106.9426,0.3858,2.3229,101.518,0.6016,0.1253,4
109.4391,0.4176,2.3271,101.011,0.6448,0.1175,4
109.0285,0.4479,2.2824,104.511,0.6375,0.1455,4
97.942,0.4608,2.2295,104.744,0.4649,0.1985,3
93.2749,0.4573,2.152,111.087,0.4034,0.2529,3
85.4734,0.4431,2.0945,114.277,0.3123,0.2988,3
84.4455,0.4226,2.1098,112.937,0.3012,0.2909,3
86.1941,0.4005,2.1597,109.185,0.3202,0.2584,3
84.7824,0.3793,2.2009,104.917,0.3048,0.2352,3
88.6344,0.3573,2.2513,102.051,0.3476,0.1995,3
87.9355,0.3344,2.3496,92.071,0.3396,0.1409,3
96.5304,0.3156,2.4073,90.418,0.4457,0.0931,4
102.2044,0.3042,2.4267,91.288,0.5263,0.0715,4
105,0.3064,2.4663,88.219,0.5697,0.0423,4
107.3226,0.3201,2.3952,96.359,0.608,0.0807,4
104.4842,0.3354,2.3657,97.692,0.5615,0.1043,4
100.5786,0.3436,2.3339,99.053,0.5022,0.1307,3
99.246,0.3333,2.509,97.759,0.4831,0.0269,4
98.7882,0.3067,2.1083,100.727,0.4766,0.2705,3
95.4166,0.2781,2.1,99.099,0.4309,0.2811,3
85.52,0.2598,2.0917,100.314,0.3128,0.3005,3
71.9278,0.258,2.0833,98.868,0.1816,0.3214,1
64.1375,0.268,2.075,100.298,0.1195,0.334,1
60.6103,0.2814,2.0917,98.36,0.0942,0.327,1
60.9929,0.2915,2.1083,97.475,0.0968,0.3165,1
59.2586,0.2988,2.125,95.972,0.0849,0.3079,1
59.0938,0.3046,2.1417,92.576,0.0837,0.2979,1
57.8758,0.3073,2.1417,92.269,0.0756,0.2989,1
59.3618,0.3049,2.1458,87.448,0.0856,0.2952,1
61.1627,0.2949,2.15,88.75,0.098,0.2911,1
58.769,0.2782,2.1542,90.735,0.0815,0.2906,1
59.9639,0.2635,2.1583,90.038,0.0897,0.2871,1
62.1006,0.2568,2.1083,91.515,0.1047,0.3156,1
68.4758,0.2565,2.1139,90.591,0.153,0.3064,1
78.0418,0.258,2.1194,90.99,0.2367,0.2929,2
86.8464,0.2551,2.125,89.932,0.3274,0.2785,3
91.6494,0.2523,2.315,88.914,0.3833,0.1566,3
97.1399,0.267,2.374,95.503,0.4539,0.1123,3
99.6655,0.31,2.348,98.362,0.489,0.1237,3
100.9735,0.3747,2.2821,103.622,0.508,0.1614,3
97.9121,0.4285,2.263,107.338,0.4644,0.1782,3
98.7563,0.4469,2.375,105.52,0.4762,0.1089,3
98.2901,0.4201,2.402,98.72,0.4697,0.0934,4
102.8823,0.363,2.3674,95.777,0.5366,0.1062,3
99.332,0.3194,2.4147,90.73,0.4843,0.0839,4
102.2964,0.3089,2.4548,88.155,0.5277,0.0544,4
101.9016,0.3305,2.4507,87.619,0.5217,0.0575,4
98.936,0.3655,2.4058,89.813,0.4787,0.0899,4
94.3799,0.3929,2.2399,104.538,0.4175,0.198,3
95.3859,0.4104,2.1635,112.514,0.4305,0.2426,3
95.8151,0.4184,2.1481,114.061,0.4362,0.2513,3
94.7521,0.4189,2.1386,114.582,0.4223,0.2587,3
93.7424,0.4128,2.1565,112.444,0.4093,0.2495,3
93.3612,0.3948,2.2192,106.22,0.4045,0.212,3
95.9548,0.3759,2.2346,106.427,0.438,0.1987,3
97.8348,0.3722,2.2331,107.563,0.4634,0.1965,3
105.8298,0.3884,2.284,105.085,0.5832,0.1511,4
105.5878,0.4071,2.2877,103.899,0.5792,0.1494,4
106.9803,0.4079,2.2915,104.087,0.6022,0.1443,4
101.8743,0.3951,2.2809,103.41,0.5213,0.1605,3
98.4614,0.3736,2.391,102.825,0.4721,0.0998,4
91.0386,0.3529,2.423,100.424,0.3759,0.092,4
88.2791,0.3495,2.2645,100.774,0.3436,0.192,3
91.3348,0.3567,2.2768,100.553,0.3795,0.1802,3
94.5242,0.3673,2.26,103.383,0.4193,0.1855,3
97.5379,0.3786,2.2842,101.721,0.4593,0.166,3
94.0637,0.3888,2.2748,100.807,0.4134,0.1773,3
96.7432,0.3934,2.2629,103.114,0.4485,0.1803,3
97.971,0.3935,2.2325,106.904,0.4653,0.1966,3
100.4204,0.3946,2.2545,105.6,0.4999,0.1791,3
95.4023,0.3984,2.226,106.273,0.4307,0.2047,3
96.4926,0.3957,2.2275,106.704,0.4452,0.2021,3
99.6972,0.3888,2.2539,105.562,0.4895,0.1808,3
103.0555,0.3763,2.2849,104.195,0.5392,0.1559,3
105.6335,0.3605,2.3042,103.857,0.58,0.1392,4
106.5297,0.3504,2.3241,102.503,0.5947,0.1254,4
102.3386,0.3442,2.3284,100.401,0.5283,0.1309,3
100.5817,0.3379,2.3376,98.861,0.5022,0.1285,3
101.1071,0.3279,2.3496,98.178,0.5099,0.1202,3
99.9711,0.313,2.3565,97.484,0.4934,0.1181,3
100.2118,0.2971,2.3754,96.152,0.4969,0.1062,3
98.561,0.2867,2.3961,93.578,0.4734,0.0965,4
96.6926,0.2819,2.3922,93.336,0.4479,0.102,3
93.9566,0.2829,2.3878,92.551,0.4121,0.109,3
94.1045,0.2885,2.378,93.465,0.414,0.1147,3
95.3471,0.2929,2.3923,92.323,0.43,0.1041,3
96.7474,0.2968,2.3798,94.139,0.4486,0.1094,3
94.772,0.2991,2.3744,93.75,0.4225,0.1158,3
97.8493,0.2994,2.3795,94.567,0.4636,0.1077,3
93.8047,0.3002,2.3542,95.444,0.4101,0.1296,3
93.3328,0.3006,2.3362,97.145,0.4042,0.1412,3
92.3922,0.3002,2.3462,95.667,0.3924,0.1365,3
99.1109,0.2991,2.3902,93.997,0.4812,0.0991,4
99.8541,0.2985,2.3884,94.547,0.4917,0.0989,4
98.0584,0.3026,2.3695,95.616,0.4665,0.1135,3
95.3309,0.3129,2.3478,96.343,0.4298,0.1311,3
97.3109,0.3291,2.3295,98.589,0.4562,0.1389,3
98.4086,0.3482,2.3167,99.751,0.4713,0.1449,3
100.8002,0.3669,2.3061,101.265,0.5054,0.1471,3
99.0636,0.3825,2.2785,102.872,0.4805,0.1669,3
99.5555,0.3902,2.2748,103.202,0.4875,0.1683,3
97.5781,0.3872,2.2898,100.826,0.4599,0.1625,3
100.0763,0.3763,2.3082,100.378,0.4949,0.1472,3
98.2093,0.3652,2.3072,100.05,0.4686,0.1509,3
102.8574,0.3583,2.3326,99.67,0.5362,0.1274,3
102.9038,0.3579,2.3441,98.475,0.5369,0.1203,3
110.2189,0.3628,2.3845,97.228,0.6588,0.081,4
118.7764,0.3725,2.4205,96.841,0.8349,0.0379,4
129.1525,0.3801,2.4372,99.41,1,0.0078,4
131.8902,0.3817,2.435,100.805,1,0.0091,4
128.4277,0.3799,2.3969,103.401,1,0.0322,4
124.0737,0.3753,2.37,104.502,0.9725,0.0518,4
120.5672,0.3672,2.3538,104.972,0.8782,0.0731,4
118.8893,0.3641,2.3588,103.807,0.8375,0.075,4
117.033,0.3623,2.3529,103.669,0.7952,0.0837,4
110.8844,0.3537,2.3602,100.464,0.671,0.0943,4
106.1795,0.3427,2.3413,100.786,0.5889,0.1157,4
106.73,0.3433,2.3414,101.006,0.598,0.1146,4
109.1227,0.3525,2.346,101.244,0.6392,0.1068,4
113.4577,0.37,2.3503,102.071,0.7203,0.0943,4
107.335,0.3926,2.3136,102.435,0.6082,0.1301,4
103.5134,0.4043,2.2844,103.426,0.5463,0.1553,3
102.1016,0.4059,2.2818,103.02,0.5247,0.1596,3
105.5099,0.3965,2.3108,101.783,0.578,0.1355,4
107.6378,0.3789,2.3642,97.661,0.6134,0.0989,4
106.4753,0.3604,2.3664,97.59,0.5938,0.0999,4
102.5813,0.345,2.3689,96.145,0.532,0.1059,3
99.8807,0.3331,2.3678,95.49,0.4921,0.1114,3
101.6219,0.3257,2.3959,93.54,0.5176,0.0913,4
106.1214,0.3202,2.4044,94.835,0.588,0.0776,4
112.2113,0.3129,2.4528,92.64,0.696,0.0351,4
115.0868,0.3057,2.4631,93.088,0.7534,0.0219,4
116.8522,0.3021,2.4699,93.278,0.7912,0.0133,4
115.9125,0.3033,2.4623,93.63,0.7709,0.0203,4
109.44,0.3078,2.4323,93.786,0.6448,0.0538,4
105.3873,0.3166,2.4085,94.205,0.576,0.0766,4
107.4151,0.3246,2.4084,94.828,0.6096,0.0726,4
108.2649,0.3295,2.4048,95.403,0.6241,0.0729,4
107.2888,0.3322,2.3986,95.539,0.6074,0.0787,4
99.0187,0.3344,2.3539,96.551,0.4799,0.1213,3
97.2758,0.339,2.3408,97.006,0.4557,0.1322,3
96.3565,0.3436,2.3179,98.878,0.4434,0.1475,3
97.5299,0.3472,2.3152,99.556,0.4592,0.1472,3
98.3076,0.3545,2.3072,100.491,0.4699,0.1508,3
104.3229,0.3687,2.2984,103.602,0.559,0.1454,4
104.755,0.3898,2.2982,103.038,0.5658,0.1446,4
104.8861,0.4089,2.2566,106.848,0.5679,0.1696,4
101.8509,0.4183,2.2437,106.528,0.521,0.1831,3
102.4507,0.42,2.2556,105.463,0.53,0.1748,3
99.3537,0.4097,2.241,106.018,0.4846,0.1891,3
98.6661,0.3875,2.24,106.631,0.4749,0.1909,3
98.772,0.3616,2.277,103.665,0.4764,0.1683,3
96.1957,0.338,2.2803,103.032,0.4412,0.1706,3
95.3822,0.3229,2.309,100.148,0.4305,0.1545,3
94.2397,0.3225,2.3225,98.214,0.4157,0.1481,3
95.4169,0.3319,2.3593,94.462,0.4309,0.124,3
90.7525,0.3411,2.3488,93.156,0.3725,0.1374,3
93.2471,0.3475,2.3497,93.939,0.4031,0.1331,3
95.8432,0.3456,2.3526,94.867,0.4365,0.1274,3
99.6996,0.3374,2.3655,95.501,0.4895,0.1131,3
98.587,0.3249,2.3613,95.917,0.4738,0.1176,3
92.184,0.3092,2.3569,94.103,0.3899,0.1304,3
87.9394,0.2992,2.3529,93.002,0.3397,0.1389,3
89.6643,0.2976,2.369,92.112,0.3596,0.1267,3
93.0275,0.3002,2.3789,92.449,0.4003,0.1158,3
95.6744,0.3012,2.4116,90.097,0.4343,0.0918,4
100.1037,0.302,2.4351,89.532,0.4953,0.0702,4
107.0816,0.3069,2.4364,92.335,0.6039,0.0563,4
105.0639,0.3189,2.4035,94.513,0.5708,0.0802,4
101.1338,0.337,2.3596,96.792,0.5103,0.1142,3
99.208,0.3576,2.3401,97.264,0.4825,0.1294,3
101.5362,0.3779,2.3233,99.358,0.5163,0.1354,3
106.551,0.3908,2.3315,100.241,0.5951,0.1209,4
106.8917,0.3954,2.3305,100.328,0.6007,0.1208,4
100.9728,0.3966,2.3045,100.43,0.508,0.1478,3
95.4317,0.3954,2.2942,99.096,0.4311,0.1634,3
95.3525,0.3904,2.3087,97.701,0.4301,0.1547,3
98.9885,0.3812,2.3229,98.136,0.4794,0.1401,3
98.2808,0.3711,2.277,103.1,0.4695,0.1691,3
108.1912,0.3633,2.31,105.197,0.6229,0.1306,4
110.282,0.3621,2.2941,106.953,0.66,0.1357,4
108.7579,0.3721,2.2856,106.826,0.6327,0.1442,4
104.0591,0.385,2.3117,101.454,0.5548,0.1378,4
103.8704,0.3928,2.3589,96.037,0.5519,0.1095,4
106.2387,0.394,2.3504,97.958,0.5899,0.1101,4
113.9268,0.3893,2.4173,94.407,0.7297,0.0526,4
112.0868,0.3793,2.4868,86.509,0.6936,0.0148,4
106.4206,0.3647,2.4899,84.195,0.5929,0.0252,4
93.968,0.3407,2.387,83.407,0.4122,0.1094,3
85.9335,0.3041,2.34,84.064,0.3173,0.1494,3
90.2186,0.2642,2.38,93.673,0.3661,0.1193,3
92.8606,0.2331,2.415,96.95,0.3983,0.0942,4
96.1743,0.2206,2.437,96.314,0.4409,0.0756,4
96.8888,0.2282,2.395,97.108,0.4505,0.0999,4
99.3553,0.2519,2.452,94.147,0.4846,0.0613,4
98.6378,0.2812,2.505,96.279,0.4745,0.0304,4
98.6433,0.3064,2.495,94.21,0.4746,0.0364,4
96.2483,0.3234,2.432,93.62,0.4419,0.0786,4
92.6734,0.3307,2.396,95.427,0.3959,0.1059,3
89.5837,0.3302,2.364,96.016,0.3587,0.1299,3
92.6262,0.3277,2.3351,95.95,0.3953,0.1429,3
99.2194,0.3246,2.3612,96.219,0.4827,0.1165,3
105.1121,0.3221,2.3655,98.481,0.5715,0.1032,4
105.0524,0.32,2.3641,98.675,0.5706,0.1041,4
108.905,0.3138,2.3766,99.289,0.6353,0.0887,4
114.4158,0.3027,2.408,96.92,0.7396,0.057,4
113.0767,0.291,2.418,95.415,0.7128,0.0542,4
99.0637,0.2815,2.455,94.369,0.4805,0.0599,4
85.1751,0.2777,2.455,96.9,0.3091,0.0807,4
83.6789,0.2805,2.446,96.262,0.2931,0.0881,4
85.7595,0.2881,2.427,95.848,0.3154,0.0969,4
84.705,0.2961,2.313,93.655,0.304,0.1674,3
77.5917,0.3029,2.151,97.655,0.2325,0.2742,2
78.8546,0.3139,2.187,98.137,0.2445,0.251,2
78.306,0.3288,2.233,98.528,0.2392,0.2237,2
83.924,0.3442,2.337,97.235,0.2957,0.1539,2
90.0778,0.3566,2.338,96.479,0.3645,0.1449,3
96.13,0.3621,2.351,95.449,0.4403,0.1278,3
96.5684,0.3624,2.364,97.356,0.4462,0.1192,3
95.9546,0.3609,2.427,96.901,0.438,0.0821,4
102.3721,0.3572,2.436,98.655,0.5288,0.0656,4
111.96,0.3477,2.432,98.875,0.6912,0.0483,4
121.9866,0.3309,2.423,98.805,0.9147,0.0267,4
119.8828,0.312,2.412,97.412,0.8613,0.0398,4
117.1643,0.2964,2.43,97.861,0.7981,0.0366,4
107.4719,0.2861,2.443,95.922,0.6105,0.0515,4
105.8279,0.2814,2.422,95.961,0.5831,0.0675,4
99.0157,0.2787,2.337,94.177,0.4798,0.1315,3
95.5611,0.2759,2.261,93.036,0.4328,0.1833,3
92.039,0.2722,2.351,91.466,0.3881,0.1342,3
96.5698,0.2684,2.408,90.527,0.4462,0.0926,4
102.2346,0.2638,2.448,88.598,0.5267,0.0586,4
101.2294,0.262,2.477,87.693,0.5117,0.0428,4
97.0347,0.2732,2.464,85.189,0.4525,0.0579,4
94.5974,0.3031,2.502,87.976,0.4203,0.0388,4
96.5201,0.3474,2.41,90.442,0.4455,0.0914,4
101.0047,0.3857,2.354,97.031,0.5084,0.1178,3
97.7824,0.3986,2.356,99.114,0.4627,0.1221,3
94.4352,0.3867,2.288,104.03,0.4182,0.1687,3
84.1931,0.3637,2.096,107.67,0.2985,0.2996,2
76.9105,0.3417,2.04,106.505,0.2261,0.3423,2
69.9621,0.3281,2.13,104.23,0.1651,0.2951,1
68.4856,0.324,2.109,97.741,0.1531,0.3093,1
66.6528,0.3227,2.141,96.805,0.1386,0.2917,1
75.1846,0.3252,2.322,94.955,0.2102,0.1733,2
85.6355,0.3412,2.385,91.985,0.314,0.1225,3
89.1309,0.3742,2.231,91.443,0.3534,0.2111,3
89.4088,0.4151,2.091,92.007,0.3566,0.2956,3
88.9144,0.4504,2.137,102.291,0.3509,0.2684,3
81.939,0.4754,2.039,103.978,0.2751,0.337,2
75.8405,0.4757,2.0996,108.233,0.2162,0.3074,1
74.4231,0.4476,2.1236,106.066,0.2034,0.2944,1
78.2318,0.4049,2.255,105.582,0.2385,0.2105,2
81.7095,0.3608,2.248,103.456,0.2728,0.2106,2
80.8213,0.3345,2.228,103.839,0.2638,0.2238,2
79.46,0.3366,2.344,103.471,0.2504,0.1551,2
81.4351,0.363,2.361,103.884,0.27,0.1424,3
87.8008,0.3958,2.332,104.375,0.3381,0.1517,3
92.8353,0.4098,2.313,102.876,0.3979,0.156,3
92.877,0.4038,2.352,101.549,0.3985,0.1323,3
94.4852,0.3866,2.355,98.963,0.4188,0.128,3
95.6871,0.3718,2.3046,98.966,0.4345,0.1567,3
100.9173,0.3738,2.278,98.711,0.5071,0.164,3
102.5283,0.3908,2.31,99.518,0.5312,0.1417,3
100.2551,0.4081,2.306,102.944,0.4975,0.1482,3
93.7943,0.4201,2.278,104.973,0.41,0.1758,3
90.5204,0.4237,2.2917,107.496,0.3697,0.1724,3
91.502,0.4129,2.275,108.577,0.3815,0.181,3
90.9125,0.3929,2.2875,109.325,0.3744,0.1743,3
89.5872,0.375,2.3,108.472,0.3587,0.1686,3
90.7876,0.3659,2.3125,106.447,0.3729,0.1593,3
95.0464,0.3707,2.325,105.756,0.4261,0.1453,3